customer_id,customer_name,email,registration_date,customer_type
1,Diya Sharma,diya.sharma1@gmail.com,2023-11-25,REGULAR
2,Diya Rao,diya.rao2@outlook.com,2022-09-28,REGULAR
3,Vivaan Sharma,vivaan.sharma3@gmail.com,2026-04-20,PREMIUM
4,Neha Mishra,neha.mishra4@outlook.com,2025-07-27,REGULAR
5,Karan Reddy,karan.reddy5@gmail.com,2023-05-12,PREMIUM
6,Vihaan Reddy,vihaan.reddy6@yahoo.com,2022-11-14,REGULAR
7,Diya Nair,diya.nair7@outlook.com,2024-04-01,PREMIUM
8,Rohan Patel,rohan.patel8@yahoo.com,2022-09-02,REGULAR
9,Pooja Malhotra,pooja.malhotra9@gmail.com,2022-08-05,REGULAR
10,Meera Kapoor,meera.kapoor10@gmail.com,2023-12-25,PREMIUM
11,Arjun Reddy,arjun.reddy11@yahoo.com,2023-05-21,REGULAR
12,Kabir Rao,kabir.rao12@outlook.com,2022-08-10,PREMIUM
13,Ishaan Patel,ishaan.patel13@gmail.com,2025-12-07,REGULAR
14,Neha Mishra,neha.mishra14@gmail.com,2023-12-13,PREMIUM
15,Vihaan Iyer,vihaan.iyer15@gmail.com,2024-09-04,REGULAR
16,Priya Iyer,priya.iyer16@outlook.com,2025-11-26,REGULAR
17,Ananya Mishra,ananya.mishra17@outlook.com,2024-03-27,PREMIUM
18,Kiara Das,kiara.das18@gmail.com,2023-03-06,REGULAR
19,Aditya Kapoor,aditya.kapoor19@gmail.com,2023-04-20,PREMIUM
20,Kiara Das,kiara.das20@yahoo.com,2025-12-25,REGULAR
21,Neha Malhotra,neha.malhotra21@outlook.com,2022-12-22,PREMIUM
22,Neha Kapoor,neha.kapoor22@outlook.com,2024-11-22,REGULAR
23,Kiara Gupta,kiara.gupta23@outlook.com,2024-03-29,VIP
24,Ishaan Patel,ishaan.patel24@outlook.com,2024-07-16,PREMIUM
25,Aman Das,aman.das25@yahoo.com,2023-05-17,REGULAR
26,Aman Sharma,aman.sharma26@yahoo.com,2022-03-02,REGULAR
27,Zara Malhotra,zara.malhotra27@gmail.com,2022-06-29,REGULAR
28,Karan Verma,karan.verma28@yahoo.com,2022-08-04,VIP
29,Neha Kapoor,neha.kapoor29@outlook.com,2026-01-16,VIP
30,Ishaan Reddy,ishaan.reddy30@outlook.com,2025-08-07,VIP
31,Neha Kapoor,neha.kapoor31@gmail.com,2024-08-26,REGULAR
32,Zara Singh,zara.singh32@yahoo.com,2023-01-11,REGULAR
33,Aditya Nair,aditya.nair33@outlook.com,2023-12-16,REGULAR
34,Aarav Verma,aarav.verma34@gmail.com,2023-12-13,REGULAR
35,Vivaan Malhotra,vivaan.malhotra35@outlook.com,2024-01-10,REGULAR
36,Priya Mishra,priya.mishra36@outlook.com,2026-01-08,REGULAR
37,Priya Kapoor,priya.kapoor37@gmail.com,2022-10-29,PREMIUM
38,Zara Iyer,zara.iyer38@outlook.com,2022-06-18,PREMIUM
39,Diya Sharma,diya.sharma39@yahoo.com,2022-12-06,REGULAR
40,Kabir Patel,kabir.patel40@yahoo.com,2023-07-25,REGULAR
41,Meera Malhotra,meera.malhotra41@yahoo.com,2022-11-01,REGULAR
42,Neha Malhotra,neha.malhotra42gmail.com,2023-06-01,REGULAR
43,Priya Mishra,priya.mishra43@gmail.com,2023-05-27,REGULAR
44,Arjun Reddy,arjun.reddy44@yahoo.com,2024-06-05,REGULAR
45,Neha Rao,neha.rao45@gmail.com,2023-08-13,REGULAR
46,Vivaan Das,vivaan.das46@gmail.com,2024-09-01,REGULAR
47,Karan Singh,karan.singh47@outlook.com,2023-05-05,REGULAR
48,Aman Verma,aman.verma48@gmail.com,2022-07-31,PREMIUM
49,Meera Iyer,meera.iyer49@outlook.com,2024-02-04,REGULAR
50,Vivaan Das,vivaan.das50@outlook.com,2026-06-13,REGULAR
51,Riya Mishra,riya.mishra51@yahoo.com,2024-01-12,REGULAR
52,Ananya Rao,ananya.rao52@yahoo.com,2024-09-09,VIP
53,Aditya Sharma,aditya.sharma53@outlook.com,2022-11-07,REGULAR
54,Kabir Patel,kabir.patel54@yahoo.com,2022-08-02,PREMIUM
55,Zara Reddy,zara.reddy55@outlook.com,2024-07-28,PREMIUM
56,Aman Sharma,aman.sharma56@outlook.com,2024-07-19,VIP
57,Diya Gupta,diya.gupta57@gmail.com,2023-04-28,REGULAR
58,Pooja Mishra,pooja.mishra58@gmail.com,2024-03-31,REGULAR
59,Riya Malhotra,riya.malhotra59@outlook.com,2025-08-09,PREMIUM
60,Vivaan Sharma,vivaan.sharma60@gmail.com,2024-03-24,REGULAR
61,Rohan Patel,rohan.patel61@outlook.com,2022-01-31,REGULAR
62,Ananya Patel,ananya.patel62@yahoo.com,2023-04-06,REGULAR
63,Vivaan Reddy,vivaan.reddy63@gmail.com,2025-01-16,REGULAR
64,Meera Rao,meera.rao64@outlook.com,2025-06-16,VIP
65,Ananya Mishra,ananya.mishra65@gmail.com,2025-07-04,REGULAR
66,Vihaan Kapoor,vihaan.kapoor66@outlook.com,2024-02-11,REGULAR
67,Diya Iyer,diya.iyer67@yahoo.com,2023-11-23,REGULAR
68,Rohan Nair,rohan.nair68@gmail.com,2023-11-24,REGULAR
69,Kabir Iyer,kabir.iyer69@gmail.com,2024-05-17,REGULAR
70,Aman Iyer,aman.iyer70@outlook.com,2024-10-25,VIP
71,Diya Reddy,diya.reddy71@yahoo.com,2022-04-29,REGULAR
72,Kiara Nair,kiara.nair72@yahoo.com,2025-09-17,PREMIUM
73,Aman Verma,aman.verma73@outlook.com,2023-08-14,REGULAR
74,Kiara Sharma,kiara.sharma74@outlook.com,2023-09-05,REGULAR
75,Aditya Rao,aditya.rao75@outlook.com,2024-09-02,PREMIUM
76,Diya Chatterjee,diya.chatterjee76@outlook.com,2024-08-18,PREMIUM
77,Vihaan Iyer,vihaan.iyer77@outlook.com,2023-01-31,REGULAR
78,Arjun Rao,arjun.rao78@gmail.com,2024-07-24,REGULAR
79,Aarav Reddy,aarav.reddy79@yahoo.com,2024-09-28,REGULAR
80,Rohan Rao,rohan.rao80@yahoo.com,2023-06-12,PREMIUM
81,Sai Patel,sai.patel81@outlook.com,2024-11-07,REGULAR
82,Meera Rao,meera.rao82@gmail.com,2023-04-03,REGULAR
83,Meera Singh,meera.singh83@gmail.com,2025-11-15,REGULAR
84,Karan Mishra,karan.mishra84@yahoo.com,2026-03-16,REGULAR
85,Ananya Rao,ananya.rao85@gmail.com,2025-08-13,REGULAR
86,Aman Singh,aman.singh86@gmail.com,2023-01-13,REGULAR
87,Rohan Rao,rohan.rao87@outlook.com,2024-09-12,VIP
88,Rohan Das,rohan.das88@outlook.com,2025-08-18,PREMIUM
89,Neha Singh,neha.singh89@outlook.com,2026-01-14,REGULAR
90,Meera Malhotra,meera.malhotra90@outlook.com,2026-02-14,PREMIUM
91,Riya Singh,riya.singh91@yahoo.com,2023-12-30,REGULAR
92,Vihaan Patel,vihaan.patel92@gmail.com,2023-12-20,REGULAR
93,Ananya Chatterjee,ananya.chatterjee93@yahoo.com,2025-06-20,REGULAR
94,Rohan Iyer,rohan.iyer94@yahoo.com,2025-04-25,VIP
95,Karan Chatterjee,karan.chatterjee95@,2026-01-21,REGULAR
96,Zara Reddy,zara.reddy96@yahoo.com,2023-11-17,REGULAR
97,Riya Iyer,riya.iyer97@yahoo.com,2024-11-10,PREMIUM
98,Arjun Chatterjee,arjun.chatterjee98@yahoo.com,2023-02-01,VIP
99,Neha Sharma,neha.sharma99@outlook.com,2022-03-26,REGULAR
100,Kiara Gupta,kiara.gupta100@gmail.com,2022-06-06,REGULAR
101,Vihaan Mishra,vihaan.mishra101@yahoo.com,2025-03-23,REGULAR
102,Kiara Reddy,kiara.reddy102@yahoo.com,2022-03-02,PREMIUM
103,Vivaan Nair,vivaan.nair103@gmail.com,2022-05-06,PREMIUM
104,Meera Mishra,meera.mishra104@outlook.com,2023-04-19,REGULAR
105,Priya Rao,priya.rao105@gmail.com,2025-12-15,PREMIUM
106,Zara Gupta,zara.gupta106@outlook.com,2022-12-22,PREMIUM
107,Ishaan Reddy,ishaan.reddy107@gmail.com,2024-08-27,REGULAR
108,Arjun Iyer,arjun.iyer108@gmail.com,2022-08-25,REGULAR
109,Meera Verma,meera.verma109@yahoo.com,2023-01-12,PREMIUM
110,Karan Kapoor,karan.kapoor110@outlook.com,2025-08-23,PREMIUM
111,Aditya Patel,aditya.patel111@gmail.com,2025-07-29,PREMIUM
112,Diya Iyer,diya.iyer112@outlook.com,2025-11-29,PREMIUM
113,Kiara Gupta,kiara.gupta113@outlook.com,2024-04-19,PREMIUM
114,Neha Kapoor,neha.kapoor114@yahoo.com,2024-04-13,REGULAR
115,Meera Malhotra,meera.malhotra115@yahoo.com,2025-11-01,REGULAR
116,Rohan Das,rohan.das116@yahoo.com,2024-11-11,REGULAR
117,Vihaan Gupta,vihaan.gupta117@yahoo.com,2024-03-13,REGULAR
118,Pooja Chatterjee,pooja.chatterjee118@outlook.com,2022-02-01,REGULAR
119,Kabir Verma,kabir.verma119@yahoo.com,2026-02-26,REGULAR
120,Meera Chatterjee,meera.chatterjee120@outlook.com,2026-03-05,REGULAR
121,Aarav Verma,aarav.verma121@yahoo.com,2024-01-26,REGULAR
122,Karan Nair,karan.nair122@outlook.com,2024-12-04,REGULAR
123,Neha Nair,neha.nair123@yahoo.com,2024-04-21,REGULAR
124,Meera Verma,meera.verma124@yahoo.com,2023-01-07,PREMIUM
125,Ishaan Mishra,ishaan.mishra125@yahoo.com,2024-05-09,PREMIUM
126,Aman Das,aman.das126@gmail.com,2023-08-27,REGULAR
127,Zara Gupta,zara.gupta127@outlook.com,2023-01-29,REGULAR
128,Vivaan Patel,vivaan.patel128@gmail.com,2026-03-06,REGULAR
129,Aarav Das,aarav.das129@yahoo.com,2025-09-30,REGULAR
130,Vivaan Reddy,vivaan.reddy130@yahoo.com,2022-12-21,PREMIUM
131,Arjun Singh,arjun.singh131@outlook.com,2022-06-16,REGULAR
132,Karan Reddy,karan.reddy132@gmail.com,2023-01-04,REGULAR
133,Kiara Das,kiara.das133@outlook.com,2023-12-03,PREMIUM
134,Arjun Singh,arjun.singh134@yahoo.com,2025-08-25,REGULAR
135,Pooja Sharma,pooja.sharma135@outlook.com,2022-11-05,VIP
136,Kabir Rao,kabir.rao136@outlook.com,2022-09-10,REGULAR
137,Ishaan Patel,ishaan.patel137@gmail.com,2025-06-23,REGULAR
138,Pooja Singh,pooja.singh138@gmail.com,2024-06-14,PREMIUM
139,Rohan Verma,rohan.verma139@yahoo.com,2023-09-07,REGULAR
140,Neha Mishra,neha.mishra140@yahoo.com,2023-03-18,REGULAR
141,Ishaan Kapoor,ishaan.kapoor141@outlook.com,2024-06-15,REGULAR
142,Rohan Chatterjee,rohan.chatterjee142@yahoo.com,2024-04-25,REGULAR
143,Priya Singh,priya.singh143@gmail.com,2025-09-04,PREMIUM
144,Pooja Reddy,pooja.reddy144@gmail.com,2022-03-06,VIP
145,Riya Das,riya.das145@gmail.com,2026-01-01,REGULAR
146,Rohan Reddy,rohan.reddy146@outlook.com,2025-09-16,PREMIUM
147,Priya Verma,priya.verma147@yahoo.com,2024-11-01,REGULAR
148,Diya Malhotra,diya.malhotra148@yahoo.com,2026-03-20,REGULAR
149,Arjun Malhotra,arjun.malhotra149@gmail.com,2025-11-14,REGULAR
150,Riya Nair,riya.nair150@yahoo.com,2026-05-18,PREMIUM
151,Aarav Rao,aarav.rao151@yahoo.com,2025-07-07,REGULAR
152,Aman Nair,aman.nair152@yahoo.com,2025-10-05,PREMIUM
153,Kabir Reddy,kabir.reddy153@yahoo.com,2025-09-23,PREMIUM
154,Priya Verma,priya.verma154@outlook.com,2024-01-14,PREMIUM
155,Sai Patel,sai.patel155yahoo.com,2023-11-30,VIP
156,Diya Singh,diya.singh156@outlook.com,2023-04-24,REGULAR
157,Sai Patel,sai.patel157@yahoo.com,2026-02-08,VIP
158,Meera Singh,meera.singh158@yahoo.com,2023-08-16,VIP
159,Aman Chatterjee,aman.chatterjee159@gmail.com,2024-05-08,PREMIUM
160,Kiara Nair,kiara.nair160@outlook.com,2024-04-10,PREMIUM
161,Sai Chatterjee,sai.chatterjee161@outlook.com,2026-03-02,PREMIUM
162,Rohan Patel,rohan.patel162@yahoo.com,2025-03-17,REGULAR
163,Vihaan Malhotra,vihaan.malhotra163@outlook.com,2024-01-12,REGULAR
164,Meera Malhotra,meera.malhotra164@gmail.com,2024-09-15,PREMIUM
165,Arjun Iyer,arjun.iyer165@outlook.com,2023-04-18,REGULAR
166,Vivaan Gupta,vivaan.gupta166@outlook.com,2024-10-28,PREMIUM
167,Rohan Verma,rohan.verma167@yahoo.com,2022-02-17,PREMIUM
168,Kiara Malhotra,kiara.malhotra168@gmail.com,2022-08-21,REGULAR
169,Riya Nair,riya.nair169@yahoo.com,2022-09-07,PREMIUM
170,Neha Iyer,neha.iyer170@outlook.com,2026-02-25,PREMIUM
171,Vivaan Das,vivaan.das171@outlook.com,2024-06-11,VIP
172,Aditya Iyer,aditya.iyer172@outlook.com,2022-11-09,REGULAR
173,Sai Sharma,sai.sharma173@gmail.com,2024-06-30,REGULAR
174,Kiara Gupta,kiara.gupta174@yahoo.com,2023-07-14,REGULAR
175,Aditya Das,aditya.das175@outlook.com,2024-01-19,REGULAR
176,Karan Gupta,karan.gupta176@outlook.com,2024-02-29,REGULAR
177,Aarav Kapoor,aarav.kapoor177@yahoo.com,2023-05-06,REGULAR
178,Zara Das,zara.das178@yahoo.com,2024-02-17,REGULAR
179,Sai Mishra,sai.mishra179@yahoo.com,2022-11-28,REGULAR
180,Karan Nair,karan.nair180@outlook.com,2024-07-06,REGULAR
181,Arjun Reddy,arjun.reddy181outlook.com,2026-03-24,PREMIUM
182,Sai Kapoor,sai.kapoor182@outlook.com,2024-12-30,REGULAR
183,Kabir Das,kabir.das183@outlook.com,2023-03-01,PREMIUM
184,Vivaan Reddy,vivaan.reddy184@gmail.com,2025-02-07,PREMIUM
185,Aditya Reddy,aditya.reddy185@yahoo.com,2023-06-30,REGULAR
186,Neha Nair,neha.nair186@yahoo.com,2023-05-27,REGULAR
187,Priya Kapoor,priya.kapoor187@yahoo.com,2022-12-24,REGULAR
188,Aditya Gupta,aditya.gupta188@gmail.com,2025-05-19,VIP
189,Neha Nair,neha.nair189@yahoo.com,2022-02-13,REGULAR
190,Diya Singh,diya.singh190@outlook.com,2024-03-25,REGULAR
191,Zara Verma,zara.verma191@yahoo.com,2022-03-19,PREMIUM
192,Neha Nair,neha.nair192@gmail.com,2022-07-16,PREMIUM
193,Rohan Chatterjee,rohan.chatterjee193@yahoo.com,2022-12-29,REGULAR
194,Vivaan Reddy,vivaan.reddy194@gmail.com,2022-10-29,REGULAR
195,Neha Gupta,neha.gupta195@yahoo.com,2025-07-26,REGULAR
196,Ananya Iyer,ananya.iyer196@yahoo.com,2025-06-21,VIP
197,Riya Sharma,riya.sharma197@gmail.com,2025-10-09,REGULAR
198,Meera Malhotra,meera.malhotra198@outlook.com,2025-02-15,REGULAR
199,Zara Sharma,zara.sharma199@gmail.com,2023-01-15,VIP
200,Rohan Verma,rohan.verma200@outlook.com,2022-03-08,REGULAR
201,Vihaan Mishra,vihaan.mishra201@outlook.com,2023-09-30,REGULAR
202,Neha Mishra,neha.mishra202@gmail.com,2024-10-17,PREMIUM
203,Pooja Sharma,pooja.sharma203@gmail.com,2023-02-08,REGULAR
204,Ishaan Verma,ishaan.verma204@gmail.com,2023-02-14,REGULAR
205,Meera Das,meera.das205@gmail.com,2024-04-04,REGULAR
206,Kiara Patel,kiara.patel206@gmail.com,2026-01-19,REGULAR
207,Zara Patel,zara.patel207@yahoo.com,2026-04-15,REGULAR
208,Pooja Sharma,pooja.sharma208@outlook.com,2026-06-09,REGULAR
209,Aarav Sharma,aarav.sharma209@yahoo.com,2025-08-17,PREMIUM
210,Priya Chatterjee,priya.chatterjee210@gmail.com,2022-09-09,REGULAR
211,Ananya Verma,ananya.verma211@outlook.com,2024-10-07,REGULAR
212,Pooja Patel,pooja.patel212@outlook.com,2025-08-29,REGULAR
213,Diya Malhotra,diya.malhotra213@outlook.com,2023-10-31,REGULAR
214,Meera Iyer,meera.iyer214@yahoo.com,2025-05-23,REGULAR
215,Diya Nair,diya.nair215@outlook.com,2024-03-02,REGULAR
216,Ananya Rao,ananya.rao216@gmail.com,2022-10-11,PREMIUM
217,Aditya Iyer,aditya.iyer217@outlook.com,2025-03-03,PREMIUM
218,Neha Sharma,neha.sharma218@outlook.com,2024-10-21,PREMIUM
219,Kiara Nair,kiara.nair219@yahoo.com,2022-06-09,VIP
220,Pooja Reddy,pooja.reddy220@outlook.com,2026-04-26,REGULAR
221,Priya Mishra,priya.mishra221@yahoo.com,2025-02-15,REGULAR
222,Riya Das,riya.das222@yahoo.com,2022-03-23,PREMIUM
223,Riya Sharma,riya.sharma223@outlook.com,2024-08-17,VIP
224,Zara Sharma,zara.sharma224@gmail.com,2025-05-30,REGULAR
225,Aarav Verma,aarav.verma225@gmail.com,2025-03-14,REGULAR
226,Vihaan Gupta,vihaan.gupta226@outlook.com,2024-10-04,PREMIUM
227,Karan Das,karan.das227@gmail.com,2023-04-29,REGULAR
228,Pooja Sharma,pooja.sharma228@yahoo.com,2025-10-08,PREMIUM
229,Priya Das,priya.das229@yahoo.com,2023-11-01,PREMIUM
230,Diya Nair,diya.nair230@yahoo.com,2026-02-20,REGULAR
231,Sai Sharma,sai.sharma231@outlook.com,2022-06-20,REGULAR
232,Sai Mishra,sai.mishra232@yahoo.com,2024-06-18,REGULAR
233,Aarav Singh,aarav.singh233@gmail.com,2023-02-06,REGULAR
234,Meera Patel,meera.patel234@outlook.com,2025-01-05,REGULAR
235,Vivaan Iyer,vivaan.iyer235@,2025-08-26,REGULAR
236,Kiara Reddy,kiara.reddy236@gmail.com,2024-10-06,REGULAR
237,Pooja Singh,pooja.singh237@yahoo.com,2022-10-01,REGULAR
238,Diya Mishra,diya.mishra238@yahoo.com,2026-06-16,REGULAR
239,Sai Chatterjee,sai.chatterjee239@yahoo.com,2023-06-07,REGULAR
240,Diya Patel,diya.patel240@yahoo.com,2024-12-26,PREMIUM
241,Ananya Mishra,ananya.mishra241@yahoo.com,2023-09-05,REGULAR
242,Ananya Kapoor,ananya.kapoor242@gmail.com,2023-07-05,VIP
243,Priya Singh,priya.singh243@outlook.com,2025-10-26,PREMIUM
244,Karan Rao,karan.rao244@outlook.com,2024-10-01,PREMIUM
245,Vihaan Gupta,vihaan.gupta245@yahoo.com,2025-10-05,PREMIUM
246,Riya Das,riya.das246@outlook.com,2022-08-19,REGULAR
247,Rohan Sharma,rohan.sharma247@yahoo.com,2022-08-27,PREMIUM
248,Aditya Das,aditya.das248@yahoo.com,2025-12-08,REGULAR
249,Vivaan Singh,vivaan.singh249@outlook.com,2023-08-08,REGULAR
250,Priya Patel,priya.patel250@gmail.com,2025-10-31,REGULAR
251,Vihaan Chatterjee,vihaan.chatterjee251@outlook.com,2023-06-21,REGULAR
252,Rohan Singh,rohan.singh252@outlook.com,2023-05-09,REGULAR
253,Sai Iyer,sai.iyer253@yahoo.com,2022-06-12,PREMIUM
254,Vihaan Verma,vihaan.verma254@outlook.com,2025-04-16,REGULAR
255,Pooja Malhotra,pooja.malhotra255@gmail.com,2023-03-16,VIP
256,Sai Rao,sai.rao256@yahoo.com,2023-02-05,REGULAR
257,Aditya Reddy,aditya.reddy257@outlook.com,2024-10-17,PREMIUM
258,Aman Verma,aman.verma258@yahoo.com,2026-04-29,REGULAR
259,Zara Reddy,zara.reddy259@gmail.com,2024-11-27,VIP
260,Priya Mishra,priya.mishra260@gmail.com,2023-04-27,REGULAR
261,Diya Patel,diya.patel261@outlook.com,2026-06-24,REGULAR
262,Vihaan Kapoor,vihaan.kapoor262@outlook.com,2025-03-16,REGULAR
263,Ishaan Malhotra,ishaan.malhotra263@outlook.com,2023-05-30,PREMIUM
264,Vivaan Iyer,vivaan.iyer264@outlook.com,2024-01-08,VIP
265,Pooja Reddy,pooja.reddy265@yahoo.com,2023-12-29,REGULAR
266,Sai Kapoor,sai.kapoor266@gmail.com,2025-02-16,PREMIUM
267,Karan Singh,karan.singh267@yahoo.com,2025-04-01,REGULAR
268,Kiara Gupta,kiara.gupta268@outlook.com,2023-03-06,PREMIUM
269,Vivaan Rao,vivaan.rao269@yahoo.com,2022-11-15,PREMIUM
270,Aman Malhotra,aman.malhotra270@gmail.com,2023-05-14,REGULAR
271,Aman Gupta,aman.gupta271@gmail.com,2023-11-21,PREMIUM
272,Zara Sharma,zara.sharma272@yahoo.com,2026-04-09,REGULAR
273,Arjun Verma,arjun.verma273@gmail.com,2024-09-17,VIP
274,Vihaan Kapoor,vihaan.kapoor274@gmail.com,2024-06-10,VIP
275,Priya Chatterjee,priya.chatterjee275@outlook.com,2025-12-28,REGULAR
276,Aarav Verma,aarav.verma276gmail.com,2026-06-28,REGULAR
277,Sai Mishra,sai.mishra277@gmail.com,2024-01-11,REGULAR
278,Pooja Singh,pooja.singh278@yahoo.com,2022-02-21,PREMIUM
279,Karan Mishra,karan.mishra279@yahoo.com,2025-08-26,REGULAR
280,Zara Mishra,zara.mishra280@gmail.com,2022-09-23,REGULAR
281,Zara Verma,zara.verma281@outlook.com,2026-04-26,PREMIUM
282,Aman Patel,aman.patel282@yahoo.com,2022-05-16,PREMIUM
283,Zara Reddy,zara.reddy283@yahoo.com,2022-07-29,REGULAR
284,Diya Kapoor,diya.kapoor284@yahoo.com,2023-02-19,REGULAR
285,Neha Nair,neha.nair285@gmail.com,2025-12-14,VIP
286,Priya Rao,priya.rao286@gmail.com,2022-07-16,PREMIUM
287,Rohan Sharma,rohan.sharma287@gmail.com,2023-09-12,PREMIUM
288,Vihaan Reddy,vihaan.reddy288@outlook.com,2026-01-10,REGULAR
289,Kabir Reddy,kabir.reddy289@gmail.com,2024-10-28,REGULAR
290,Zara Iyer,zara.iyer290@outlook.com,2025-09-28,PREMIUM
291,Arjun Nair,arjun.nair291@yahoo.com,2026-03-26,REGULAR
292,Aman Reddy,aman.reddy292@outlook.com,2025-08-11,REGULAR
293,Pooja Malhotra,pooja.malhotra293@yahoo.com,2024-09-24,REGULAR
294,Vihaan Rao,vihaan.rao294@yahoo.com,2025-08-16,REGULAR
295,Rohan Nair,rohan.nair295@outlook.com,2024-12-31,PREMIUM
296,Kiara Reddy,kiara.reddy296@gmail.com,2022-08-22,PREMIUM
297,Arjun Nair,arjun.nair297@outlook.com,2023-05-13,VIP
298,Ananya Malhotra,ananya.malhotra298@yahoo.com,2022-04-19,REGULAR
299,Meera Kapoor,meera.kapoor299@yahoo.com,2025-04-04,VIP
300,Vivaan Das,vivaan.das300@yahoo.com,2025-02-26,REGULAR
301,Aditya Das,aditya.das301@yahoo.com,2025-05-21,REGULAR
302,Riya Mishra,riya.mishra302@gmail.com,2023-08-02,REGULAR
303,Arjun Patel,arjun.patel303@yahoo.com,2025-10-18,REGULAR
304,Pooja Reddy,pooja.reddy304@yahoo.com,2023-09-14,REGULAR
305,Aditya Singh,aditya.singh305@outlook.com,2025-10-14,VIP
306,Vihaan Rao,vihaan.rao306@gmail.com,2024-06-21,PREMIUM
307,Ishaan Chatterjee,ishaan.chatterjee307@outlook.com,2023-06-25,PREMIUM
308,Aman Mishra,aman.mishra308@gmail.com,2023-03-08,REGULAR
309,Priya Sharma,priya.sharma309@outlook.com,2025-02-20,REGULAR
310,Neha Gupta,neha.gupta310@gmail.com,2022-07-24,REGULAR
311,Priya Patel,priya.patel311@yahoo.com,2022-08-18,REGULAR
312,Vihaan Rao,vihaan.rao312@yahoo.com,2026-05-27,REGULAR
313,Neha Rao,neha.rao313@gmail.com,2025-09-06,REGULAR
314,Vivaan Malhotra,vivaan.malhotra314@gmail.com,2024-08-02,REGULAR
315,Vihaan Chatterjee,vihaan.chatterjee315@outlook.com,2024-06-01,PREMIUM
316,Riya Mishra,riya.mishra316@outlook.com,2024-05-02,REGULAR
317,Sai Das,sai.das317@outlook.com,2023-06-08,REGULAR
318,Karan Gupta,karan.gupta318@outlook.com,2024-11-14,PREMIUM
319,Karan Sharma,karan.sharma319@gmail.com,2022-09-10,REGULAR
320,Karan Reddy,karan.reddy320@outlook.com,2025-07-18,PREMIUM
321,Aarav Singh,aarav.singh321@outlook.com,2024-06-18,PREMIUM
322,Sai Singh,sai.singh322@outlook.com,2025-06-15,REGULAR
323,Aditya Chatterjee,aditya.chatterjee323@yahoo.com,2025-07-15,REGULAR
324,Kabir Nair,kabir.nair324@yahoo.com,2024-09-19,PREMIUM
325,Zara Iyer,zara.iyer325@yahoo.com,2026-05-19,REGULAR
326,Vihaan Mishra,vihaan.mishra326@yahoo.com,2025-10-28,REGULAR
327,Diya Sharma,diya.sharma327@yahoo.com,2025-07-23,REGULAR
328,Ishaan Malhotra,ishaan.malhotra328@outlook.com,2024-08-29,REGULAR
329,Ishaan Singh,ishaan.singh329@yahoo.com,2026-03-30,PREMIUM
330,Priya Sharma,priya.sharma330@yahoo.com,2026-04-20,REGULAR
331,Meera Mishra,meera.mishra331@gmail.com,2022-06-07,REGULAR
332,Pooja Malhotra,pooja.malhotra332@yahoo.com,2024-06-06,REGULAR
333,Diya Iyer,diya.iyer333@yahoo.com,2025-02-10,PREMIUM
334,Zara Sharma,zara.sharma334@outlook.com,2023-08-28,REGULAR
335,Sai Verma,sai.verma335@yahoo.com,2024-05-19,PREMIUM
336,Pooja Rao,pooja.rao336@gmail.com,2022-10-28,REGULAR
337,Vihaan Patel,vihaan.patel337@gmail.com,2023-09-11,PREMIUM
338,Arjun Patel,arjun.patel338@gmail.com,2023-03-02,PREMIUM
339,Priya Patel,priya.patel339@outlook.com,2026-05-21,REGULAR
340,Pooja Nair,pooja.nair340@outlook.com,2024-07-18,REGULAR
341,Aman Malhotra,aman.malhotra341@yahoo.com,2024-07-20,REGULAR
342,Aarav Nair,aarav.nair342@gmail.com,2025-07-18,REGULAR
343,Aarav Das,aarav.das343@outlook.com,2023-12-08,PREMIUM
344,Karan Singh,karan.singh344@outlook.com,2025-03-27,REGULAR
345,Meera Sharma,meera.sharma345@outlook.com,2022-12-08,REGULAR
346,Rohan Nair,rohan.nair346@yahoo.com,2023-09-26,REGULAR
347,Pooja Singh,pooja.singh347@outlook.com,2022-07-13,PREMIUM
348,Aman Mishra,aman.mishra348@outlook.com,2026-01-26,REGULAR
349,Vihaan Gupta,vihaan.gupta349@outlook.com,2024-11-29,REGULAR
350,Riya Das,riya.das350@gmail.com,2024-05-16,REGULAR
351,Meera Reddy,meera.reddy351@outlook.com,2023-10-06,PREMIUM
352,Priya Nair,priya.nair352@outlook.com,2024-04-29,REGULAR
353,Karan Rao,karan.rao353@yahoo.com,2024-12-08,VIP
354,Ananya Reddy,ananya.reddy354@outlook.com,2022-09-03,REGULAR
355,Rohan Rao,rohan.rao355@yahoo.com,2023-10-27,REGULAR
356,Neha Reddy,neha.reddy356@outlook.com,2024-04-23,REGULAR
357,Pooja Chatterjee,pooja.chatterjee357@gmail.com,2022-06-07,PREMIUM
358,Aman Mishra,aman.mishra358@gmail.com,2022-11-08,REGULAR
359,Priya Verma,priya.verma359@gmail.com,2022-01-17,VIP
360,Ishaan Iyer,ishaan.iyer360@yahoo.com,2026-01-23,PREMIUM
361,Sai Nair,sai.nair361@gmail.com,2022-10-05,PREMIUM
362,Meera Patel,meera.patel362@gmail.com,2023-06-28,REGULAR
363,Ishaan Sharma,ishaan.sharma363@yahoo.com,2026-03-20,REGULAR
364,Sai Sharma,sai.sharma364outlook.com,2024-11-06,REGULAR
365,Neha Patel,neha.patel365@gmail.com,2026-04-16,REGULAR
366,Kabir Kapoor,kabir.kapoor366@gmail.com,2025-11-26,PREMIUM
367,Ishaan Sharma,ishaan.sharma367@yahoo.com,2023-08-24,REGULAR
368,Arjun Malhotra,arjun.malhotra368@yahoo.com,2022-09-27,REGULAR
369,Diya Gupta,diya.gupta369@yahoo.com,2024-10-02,VIP
370,Aarav Reddy,aarav.reddy370@yahoo.com,2024-04-09,VIP
371,Sai Das,sai.das371@gmail.com,2024-03-23,PREMIUM
372,Meera Sharma,meera.sharma372@yahoo.com,2024-08-11,REGULAR
373,Aman Chatterjee,aman.chatterjee373@outlook.com,2022-12-31,PREMIUM
374,Sai Nair,sai.nair374@gmail.com,2023-02-19,REGULAR
375,Rohan Chatterjee,rohan.chatterjee375@yahoo.com,2025-07-15,PREMIUM
376,Priya Kapoor,priya.kapoor376@outlook.com,2023-11-10,PREMIUM
377,Pooja Malhotra,pooja.malhotra377@outlook.com,2025-10-19,REGULAR
378,Zara Verma,zara.verma378@gmail.com,2022-07-11,PREMIUM
379,Aman Mishra,aman.mishra379@gmail.com,2023-05-27,REGULAR
380,Aman Singh,aman.singh380@gmail.com,2026-02-27,REGULAR
381,Aman Singh,aman.singh381@yahoo.com,2023-02-14,REGULAR
382,Rohan Das,rohan.das382@yahoo.com,2024-08-15,PREMIUM
383,Arjun Reddy,arjun.reddy383@outlook.com,2023-11-08,REGULAR
384,Vivaan Iyer,vivaan.iyer384@gmail.com,2022-07-07,VIP
385,Aditya Singh,aditya.singh385@yahoo.com,2023-07-14,PREMIUM
386,Kiara Nair,kiara.nair386@yahoo.com,2025-10-25,PREMIUM
387,Arjun Iyer,arjun.iyer387@outlook.com,2023-02-18,PREMIUM
388,Zara Verma,zara.verma388@outlook.com,2025-05-06,REGULAR
389,Meera Malhotra,meera.malhotra389@,2025-12-09,PREMIUM
390,Neha Iyer,neha.iyer390@gmail.com,2024-02-08,REGULAR
391,Ananya Reddy,ananya.reddy391@outlook.com,2022-12-17,REGULAR
392,Kiara Das,kiara.das392@gmail.com,2024-01-18,REGULAR
393,Diya Das,diya.das393@outlook.com,2022-06-01,REGULAR
394,Vivaan Iyer,vivaan.iyer394@outlook.com,2023-11-07,PREMIUM
395,Vivaan Gupta,vivaan.gupta395@yahoo.com,2023-12-29,PREMIUM
396,Karan Nair,karan.nair396@outlook.com,2024-09-23,REGULAR
397,Ananya Rao,ananya.rao397@yahoo.com,2024-07-22,REGULAR
398,Neha Das,neha.das398@gmail.com,2025-08-20,REGULAR
399,Vivaan Nair,vivaan.nair399@outlook.com,2025-03-30,PREMIUM
400,Vihaan Chatterjee,vihaan.chatterjee400@gmail.com,2024-07-20,REGULAR
401,Neha Singh,neha.singh401@gmail.com,2024-07-23,PREMIUM
402,Ananya Kapoor,ananya.kapoor402@gmail.com,2025-07-06,VIP
403,Neha Patel,neha.patel403@gmail.com,2024-03-03,REGULAR
404,Aditya Singh,aditya.singh404@gmail.com,2023-08-15,REGULAR
405,Arjun Rao,arjun.rao405@gmail.com,2022-08-15,REGULAR
406,Karan Chatterjee,karan.chatterjee406@gmail.com,2026-01-29,REGULAR
407,Vihaan Reddy,vihaan.reddy407@gmail.com,2023-10-21,VIP
408,Diya Chatterjee,diya.chatterjee408@yahoo.com,2024-01-24,PREMIUM
409,Kabir Iyer,kabir.iyer409@outlook.com,2024-09-26,PREMIUM
410,Arjun Singh,arjun.singh410@yahoo.com,2024-08-16,REGULAR
411,Aman Singh,aman.singh411@outlook.com,2025-12-29,PREMIUM
412,Vihaan Mishra,vihaan.mishra412@yahoo.com,2022-05-23,REGULAR
413,Meera Chatterjee,meera.chatterjee413@yahoo.com,2025-07-21,REGULAR
414,Kabir Nair,kabir.nair414@outlook.com,2024-02-03,REGULAR
415,Vihaan Reddy,vihaan.reddy415@yahoo.com,2026-03-05,REGULAR
416,Zara Gupta,zara.gupta416@outlook.com,2026-02-26,REGULAR
417,Neha Rao,neha.rao417@outlook.com,2022-04-16,PREMIUM
418,Aditya Malhotra,aditya.malhotra418@gmail.com,2025-07-05,REGULAR
419,Meera Verma,meera.verma419@gmail.com,2023-11-11,REGULAR
420,Zara Sharma,zara.sharma420@outlook.com,2026-02-10,PREMIUM
421,Aarav Sharma,aarav.sharma421@yahoo.com,2022-02-06,REGULAR
422,Riya Patel,riya.patel422@gmail.com,2026-04-10,PREMIUM
423,Kiara Kapoor,kiara.kapoor423@gmail.com,2022-11-29,VIP
424,Aman Gupta,aman.gupta424@outlook.com,2026-06-24,REGULAR
425,Zara Reddy,zara.reddy425@gmail.com,2025-03-05,VIP
426,Rohan Das,rohan.das426@outlook.com,2023-12-03,REGULAR
427,Aditya Rao,aditya.rao427@outlook.com,2022-04-09,REGULAR
428,Arjun Iyer,arjun.iyer428@gmail.com,2022-01-30,PREMIUM
429,Aditya Singh,aditya.singh429@outlook.com,2024-10-26,REGULAR
430,Diya Patel,diya.patel430@gmail.com,2023-10-19,VIP
431,Karan Singh,karan.singh431@gmail.com,2024-05-21,PREMIUM
432,Karan Rao,karan.rao432@yahoo.com,2022-02-18,VIP
433,Karan Gupta,karan.gupta433@outlook.com,2025-05-22,VIP
434,Sai Gupta,sai.gupta434@outlook.com,2025-04-24,PREMIUM
435,Neha Nair,neha.nair435@outlook.com,2023-03-11,PREMIUM
436,Aditya Patel,aditya.patel436@yahoo.com,2022-06-16,REGULAR
437,Meera Malhotra,meera.malhotra437@outlook.com,2025-05-17,VIP
438,Vihaan Sharma,vihaan.sharma438@yahoo.com,2026-03-05,REGULAR
439,Neha Iyer,neha.iyer439@outlook.com,2025-03-26,REGULAR
440,Pooja Reddy,pooja.reddy440@outlook.com,2022-08-17,REGULAR
441,Ananya Iyer,ananya.iyer441@outlook.com,2023-04-25,PREMIUM
442,Vihaan Nair,vihaan.nair442@gmail.com,2024-08-15,REGULAR
443,Riya Verma,riya.verma443@gmail.com,2025-09-01,REGULAR
444,Neha Patel,neha.patel444@gmail.com,2022-10-06,REGULAR
445,Aditya Das,aditya.das445@yahoo.com,2025-04-11,REGULAR
446,Kiara Iyer,kiara.iyer446@outlook.com,2024-01-25,REGULAR
447,Ishaan Rao,ishaan.rao447@gmail.com,2024-04-15,REGULAR
448,Priya Gupta,priya.gupta448@yahoo.com,2024-05-07,REGULAR
449,Priya Kapoor,priya.kapoor449@yahoo.com,2024-02-06,PREMIUM
450,Priya Das,priya.das450@yahoo.com,2022-11-29,REGULAR
451,Aarav Iyer,aarav.iyer451@outlook.com,2025-03-26,PREMIUM
452,Vihaan Singh,vihaan.singh452@outlook.com,2023-02-27,REGULAR
453,Pooja Chatterjee,pooja.chatterjee453@yahoo.com,2023-07-06,VIP
454,Vihaan Reddy,vihaan.reddy454@outlook.com,2026-03-06,VIP
455,Meera Nair,meera.nair455@yahoo.com,2025-02-08,REGULAR
456,Karan Mishra,karan.mishra456@outlook.com,2023-07-14,PREMIUM
457,Neha Sharma,neha.sharma457@yahoo.com,2023-10-14,REGULAR
458,Sai Malhotra,sai.malhotra458@yahoo.com,2026-04-01,REGULAR
459,Sai Mishra,sai.mishra459@gmail.com,2025-08-07,PREMIUM
460,Aditya Singh,aditya.singh460@yahoo.com,2025-05-30,REGULAR
461,Kiara Patel,kiara.patel461@yahoo.com,2022-09-22,REGULAR
462,Meera Rao,meera.rao462@gmail.com,2022-05-18,REGULAR
463,Arjun Kapoor,arjun.kapoor463@yahoo.com,2022-11-26,REGULAR
464,Riya Mishra,riya.mishra464@outlook.com,2023-11-18,REGULAR
465,Arjun Singh,arjun.singh465@outlook.com,2026-04-04,REGULAR
466,Aarav Singh,aarav.singh466@yahoo.com,2022-09-24,REGULAR
467,Ananya Nair,ananya.nair467@yahoo.com,2023-10-05,REGULAR
468,Zara Singh,zara.singh468@outlook.com,2025-11-06,REGULAR
469,Sai Sharma,sai.sharma469@gmail.com,2022-03-12,PREMIUM
470,Diya Rao,diya.rao470@outlook.com,2024-01-28,REGULAR
471,Neha Gupta,neha.gupta471@yahoo.com,2025-12-06,REGULAR
472,Arjun Rao,arjun.rao472@outlook.com,2025-09-04,REGULAR
473,Pooja Mishra,pooja.mishra473@yahoo.com,2025-04-23,REGULAR
474,Kabir Mishra,kabir.mishra474@outlook.com,2022-07-14,REGULAR
475,Neha Gupta,neha.gupta475@gmail.com,2025-11-22,REGULAR
476,Priya Patel,priya.patel476@yahoo.com,2025-04-22,PREMIUM
477,Karan Verma,karan.verma477@yahoo.com,2023-06-21,PREMIUM
478,Sai Das,sai.das478@outlook.com,2023-02-21,REGULAR
479,Meera Reddy,meera.reddy479@yahoo.com,2023-03-16,REGULAR
480,Kiara Das,kiara.das480@yahoo.com,2025-08-07,REGULAR
481,Neha Chatterjee,neha.chatterjee481@gmail.com,2023-06-03,REGULAR
482,Ananya Gupta,ananya.gupta482@yahoo.com,2022-06-16,PREMIUM
483,Aarav Singh,aarav.singh483@yahoo.com,2026-04-20,PREMIUM
484,Kiara Rao,kiara.rao484@outlook.com,2025-10-10,REGULAR
485,Aditya Das,aditya.das485@gmail.com,2024-06-26,REGULAR
486,Meera Patel,meera.patel486@yahoo.com,2026-03-19,REGULAR
487,Diya Das,diya.das487@outlook.com,2025-02-13,REGULAR
488,Vivaan Kapoor,vivaan.kapoor488@outlook.com,2023-11-10,VIP
489,Diya Chatterjee,diya.chatterjee489@gmail.com,2024-07-13,PREMIUM
490,Vivaan Singh,vivaan.singh490@gmail.com,2025-09-26,PREMIUM
491,Diya Kapoor,diya.kapoor491@gmail.com,2024-12-25,PREMIUM
492,Pooja Rao,pooja.rao492@outlook.com,2023-03-09,PREMIUM
493,Kabir Kapoor,kabir.kapoor493@yahoo.com,2024-05-23,REGULAR
494,Ishaan Nair,ishaan.nair494@yahoo.com,2024-06-17,REGULAR
495,Aman Rao,aman.rao495@gmail.com,2025-07-02,VIP
496,Riya Malhotra,riya.malhotra496@outlook.com,2023-02-17,REGULAR
497,Vihaan Malhotra,vihaan.malhotra497@outlook.com,2025-05-05,REGULAR
498,Karan Rao,karan.rao498@yahoo.com,2025-03-11,REGULAR
499,Aditya Iyer,aditya.iyer499@yahoo.com,2025-02-20,REGULAR
500,Priya Nair,priya.nair500@outlook.com,2022-10-17,PREMIUM
501,Rohan Rao,rohan.rao501@yahoo.com,2022-07-16,PREMIUM
502,Arjun Mishra,arjun.mishra502@gmail.com,2026-03-18,REGULAR
503,Sai Nair,sai.nair503@gmail.com,2026-02-16,PREMIUM
504,Vivaan Sharma,vivaan.sharma504@yahoo.com,2022-02-20,REGULAR
505,Ishaan Singh,ishaan.singh505@yahoo.com,2023-09-21,VIP
506,Ananya Rao,ananya.rao506@yahoo.com,2022-10-17,PREMIUM
507,Riya Verma,riya.verma507@outlook.com,2023-05-30,REGULAR
508,Sai Chatterjee,sai.chatterjee508@gmail.com,2025-08-26,PREMIUM
509,Diya Sharma,diya.sharma509@gmail.com,2023-02-17,REGULAR
510,Aman Rao,aman.rao510@gmail.com,2024-12-03,PREMIUM
511,Kiara Chatterjee,kiara.chatterjee511@gmail.com,2023-12-13,REGULAR
512,Diya Verma,diya.verma512@yahoo.com,2023-03-03,REGULAR
513,Ananya Rao,ananya.rao513@gmail.com,2022-08-01,REGULAR
514,Aarav Das,aarav.das514@yahoo.com,2024-12-27,PREMIUM
515,Ananya Iyer,ananya.iyer515@yahoo.com,2023-11-06,REGULAR
516,Diya Gupta,diya.gupta516@outlook.com,2025-04-08,REGULAR
517,Kiara Nair,kiara.nair517@gmail.com,2024-05-10,PREMIUM
518,Meera Patel,meera.patel518@outlook.com,2024-06-04,PREMIUM
519,Aarav Malhotra,aarav.malhotra519@yahoo.com,2023-10-01,REGULAR
520,Aman Mishra,aman.mishra520@yahoo.com,2022-06-19,PREMIUM
521,Meera Singh,meera.singh521@gmail.com,2026-04-02,PREMIUM
522,Aditya Patel,aditya.patel522@gmail.com,2025-01-26,VIP
523,Ananya Iyer,ananya.iyer523@outlook.com,2025-07-31,REGULAR
524,Ishaan Kapoor,ishaan.kapoor524@gmail.com,2022-02-21,REGULAR
525,Aarav Reddy,aarav.reddy525@gmail.com,2025-05-21,REGULAR
526,Aman Kapoor,aman.kapoor526@outlook.com,2025-06-03,REGULAR
527,Neha Patel,neha.patel527@yahoo.com,2022-09-17,REGULAR
528,Aman Mishra,aman.mishra528@gmail.com,2024-10-12,REGULAR
529,Aditya Reddy,aditya.reddy529@outlook.com,2024-01-12,REGULAR
530,Aditya Iyer,aditya.iyer530@outlook.com,2022-06-20,REGULAR
531,Ishaan Verma,ishaan.verma531gmail.com,2023-05-25,REGULAR
532,Zara Patel,zara.patel532@outlook.com,2024-03-16,REGULAR
533,Ananya Chatterjee,ananya.chatterjee533@yahoo.com,2023-01-02,PREMIUM
534,Aarav Nair,aarav.nair534@yahoo.com,2026-06-16,REGULAR
535,Karan Rao,karan.rao535@yahoo.com,2026-05-06,REGULAR
536,Priya Malhotra,priya.malhotra536@yahoo.com,2023-05-04,REGULAR
537,Diya Das,diya.das537@gmail.com,2023-12-11,PREMIUM
538,Aarav Sharma,aarav.sharma538@gmail.com,2024-01-30,REGULAR
539,Zara Iyer,zara.iyer539@gmail.com,2022-04-20,REGULAR
540,Kiara Mishra,kiara.mishra540@yahoo.com,2024-09-21,REGULAR
541,Aditya Das,aditya.das541@outlook.com,2022-06-13,REGULAR
542,Aman Sharma,aman.sharma542@gmail.com,2025-12-15,PREMIUM
543,Sai Nair,sai.nair543@yahoo.com,2022-01-25,REGULAR
544,Sai Das,sai.das544@outlook.com,2024-01-24,REGULAR
545,Karan Singh,karan.singh545@gmail.com,2024-02-01,REGULAR
546,Kiara Sharma,kiara.sharma546@yahoo.com,2022-01-30,VIP
547,Aarav Kapoor,aarav.kapoor547@outlook.com,2024-08-13,REGULAR
548,Aman Mishra,aman.mishra548@gmail.com,2023-03-19,PREMIUM
549,Aditya Sharma,aditya.sharma549@outlook.com,2025-07-07,PREMIUM
550,Zara Singh,zara.singh550@gmail.com,2022-10-24,REGULAR
551,Arjun Verma,arjun.verma551@gmail.com,2025-09-13,PREMIUM
552,Ananya Mishra,ananya.mishra552@yahoo.com,2025-05-05,PREMIUM
553,Vihaan Nair,vihaan.nair553@gmail.com,2022-08-21,VIP
554,Ananya Kapoor,ananya.kapoor554@gmail.com,2023-04-28,REGULAR
555,Rohan Singh,rohan.singh555@gmail.com,2025-01-18,VIP
556,Kabir Singh,kabir.singh556@yahoo.com,2023-01-08,REGULAR
557,Sai Malhotra,sai.malhotra557@outlook.com,2022-05-06,REGULAR
558,Vihaan Gupta,vihaan.gupta558@gmail.com,2025-01-10,REGULAR
559,Vivaan Rao,vivaan.rao559@gmail.com,2022-04-07,VIP
560,Rohan Patel,rohan.patel560@gmail.com,2022-10-22,REGULAR
561,Ananya Verma,ananya.verma561gmail.com,2023-09-08,PREMIUM
562,Zara Rao,zara.rao562@outlook.com,2022-09-19,REGULAR
563,Riya Malhotra,riya.malhotra563@gmail.com,2023-09-07,VIP
564,Rohan Kapoor,rohan.kapoor564@yahoo.com,2023-01-16,REGULAR
565,Rohan Sharma,rohan.sharma565@outlook.com,2025-09-07,PREMIUM
566,Arjun Singh,arjun.singh566@outlook.com,2025-08-18,REGULAR
567,Kabir Gupta,kabir.gupta567@yahoo.com,2023-04-07,REGULAR
568,Pooja Das,pooja.das568@yahoo.com,2026-03-31,REGULAR
569,Neha Singh,neha.singh569@yahoo.com,2025-04-04,REGULAR
570,Kabir Rao,kabir.rao570@outlook.com,2024-02-14,PREMIUM
571,Neha Kapoor,neha.kapoor571@,2026-01-30,REGULAR
572,Priya Nair,priya.nair572@outlook.com,2024-09-26,REGULAR
573,Ishaan Sharma,ishaan.sharma573@gmail.com,2022-04-02,PREMIUM
574,Riya Sharma,riya.sharma574@yahoo.com,2025-01-15,PREMIUM
575,Meera Gupta,meera.gupta575@outlook.com,2024-01-20,REGULAR
576,Vivaan Kapoor,vivaan.kapoor576@gmail.com,2025-04-21,REGULAR
577,Ishaan Gupta,ishaan.gupta577@yahoo.com,2025-01-19,VIP
578,Aarav Chatterjee,aarav.chatterjee578@outlook.com,2023-03-18,REGULAR
579,Kabir Malhotra,kabir.malhotra579@yahoo.com,2024-08-18,REGULAR
580,Vivaan Verma,vivaan.verma580@outlook.com,2023-11-11,REGULAR
581,Priya Sharma,priya.sharma581@outlook.com,2023-09-18,PREMIUM
582,Vihaan Chatterjee,vihaan.chatterjee582@yahoo.com,2022-07-05,REGULAR
583,Karan Chatterjee,karan.chatterjee583@gmail.com,2026-06-24,PREMIUM
584,Aditya Nair,aditya.nair584@outlook.com,2025-05-14,REGULAR
585,Vihaan Reddy,vihaan.reddy585@gmail.com,2025-09-19,PREMIUM
586,Priya Rao,priya.rao586@outlook.com,2025-01-13,REGULAR
587,Karan Malhotra,karan.malhotra587@yahoo.com,2024-07-04,REGULAR
588,Aarav Chatterjee,aarav.chatterjee588@yahoo.com,2022-04-11,REGULAR
589,Vihaan Kapoor,vihaan.kapoor589@gmail.com,2022-11-20,VIP
590,Ananya Nair,ananya.nair590@gmail.com,2024-12-13,VIP
591,Ishaan Rao,ishaan.rao591@gmail.com,2024-11-09,REGULAR
592,Riya Mishra,riya.mishra592@gmail.com,2024-12-24,REGULAR
593,Diya Chatterjee,diya.chatterjee593@,2025-07-27,VIP
594,Kiara Singh,kiara.singh594@yahoo.com,2025-03-12,REGULAR
595,Priya Kapoor,priya.kapoor595@outlook.com,2023-12-02,REGULAR
596,Aditya Kapoor,aditya.kapoor596@yahoo.com,2022-03-04,REGULAR
597,Diya Verma,diya.verma597@yahoo.com,2023-05-15,PREMIUM
598,Neha Verma,neha.verma598@outlook.com,2026-02-08,PREMIUM
599,Kiara Rao,kiara.rao599@yahoo.com,2023-05-04,REGULAR
600,Vihaan Mishra,vihaan.mishra600@yahoo.com,2024-04-04,PREMIUM
