order_id,customer_id,order_date,status,region_code
1,,2025-06-21 12:05:12,RETURNED,CENTRAL
2,250,2024-03-02 22:43:53,SHIPPED,NORTH
3,554,2025-03-15 00:00:00,DELIVERED,EAST
4,521,2025-11-23 03:33:54,SHIPPED,SOUTH
5,85,2024-05-29 01:30:54,RETURNED,CENTRAL
6,68,2024-11-23 10:30:10,DELIVERED,WEST
7,211,2026-04-15 08:55:48,CANCELLED,WEST
8,74,2024-08-26 00:00:00,DELIVERED,NORTH
9,56,2024-10-03 12:01:43,DELIVERED,CENTRAL
10,265,2025-09-25 05:39:05,DELIVERED,WEST
11,399,2024-07-02 18:45:30,DELIVERED,CENTRAL
12,600,2024-03-11 16:59:28,PLACED,CENTRAL
13,309,2026-07-31 00:00:00,DELIVERED,WEST
14,32,2026-01-06 07:32:29,SHIPPED,WEST
15,559,2025-04-03 05:35:39,PLACED,EAST
16,12,2026-05-09 20:52:38,PLACED,NORTH
17,,2026-07-15 20:54:23,DELIVERED,NORTH
18,353,2024-11-24 22:07:31,DELIVERED,CENTRAL
19,189,2024-12-08 23:34:19,SHIPPED,NORTH
20,581,2024-03-25 11:44:34,RETURNED,CENTRAL
21,563,2024-04-23 15:01:38,PLACED,NORTH
22,595,2026-01-26 19:46:29,DELIVERED,SOUTH
23,72,2024-10-27 14:08:58,DELIVERED,CENTRAL
24,599,2024-08-24 17:41:45,DELIVERED,EAST
25,173,2024-01-08 12:08:44,DELIVERED,WEST
26,369,2024-07-27 15:17:03,SHIPPED,WEST
27,368,2025-04-19 12:48:50,PLACED,CENTRAL
28,288,2024-08-05 11:38:25,SHIPPED,NORTH
29,20,2026-02-26 20:58:40,CANCELLED,CENTRAL
30,218,2024-02-26 22:38:46,DELIVERED,CENTRAL
31,153,2025-07-22 06:42:25,CANCELLED,CENTRAL
32,298,2024-07-26 23:27:18,DELIVERED,WEST
33,11,2025-01-06 02:07:18,CANCELLED,CENTRAL
34,527,2024-08-06 01:23:55,SHIPPED,CENTRAL
35,150,2026-01-21 02:18:49,PLACED,WEST
36,271,2025-07-27 21:32:31,DELIVERED,CENTRAL
37,370,2025-08-25 21:09:35,DELIVERED,NORTH
38,,2025-05-18 10:14:48,RETURNED,EAST
39,270,2026-06-17 20:56:36,SHIPPED,WEST
40,80,2026-03-13 14:35:20,RETURNED,SOUTH
41,362,2025-06-19 23:44:14,DELIVERED,CENTRAL
42,,2024-08-03 21:06:50,SHIPPED,CENTRAL
43,217,2024-08-21 09:22:06,DELIVERED,NORTH
44,425,2025-05-27 23:40:17,DELIVERED,WEST
45,166,2025-09-30 00:00:00,PLACED,CENTRAL
46,138,2026-03-07 00:00:00,DELIVERED,NORTH
47,185,2026-03-13 13:45:39,DELIVERED,CENTRAL
48,291,2024-05-13 04:56:09,DELIVERED,WEST
49,175,2024-12-06 18:28:32,DELIVERED,CENTRAL
50,187,2026-03-04 12:11:14,DELIVERED,EAST
51,71,2024-12-23 00:04:44,PLACED,NORTH
52,517,2025-10-14 03:05:32,DELIVERED,SOUTH
53,40,2026-04-05 13:08:40,PLACED,WEST
54,553,2024-01-02 20:44:48,DELIVERED,WEST
55,380,2024-03-08 11:29:47,DELIVERED,WEST
56,391,2025-06-28 12:15:04,DELIVERED,CENTRAL
57,138,2025-01-30 09:07:11,SHIPPED,NORTH
58,557,2025-09-26 19:27:12,PLACED,NORTH
59,121,2026-03-18 00:00:00,DELIVERED,EAST
60,110,2024-08-28 10:33:49,DELIVERED,EAST
61,434,2026-05-27 04:25:56,SHIPPED,WEST
62,424,2026-05-07 15:57:51,DELIVERED,EAST
63,496,2025-01-29 05:30:58,DELIVERED,WEST
64,122,2024-12-22 22:29:42,DELIVERED,SOUTH
65,521,2025-09-14 05:59:34,CANCELLED,CENTRAL
66,54,2024-09-06 16:44:50,DELIVERED,NORTH
67,483,2026-07-21 10:46:19,PLACED,SOUTH
68,39,2025-08-20 00:42:43,DELIVERED,CENTRAL
69,59,2024-09-29 06:34:52,DELIVERED,SOUTH
70,531,2025-03-20 07:05:44,DELIVERED,CENTRAL
71,238,2024-09-20 06:46:48,DELIVERED,NORTH
72,89,2025-03-04 15:40:19,DELIVERED,WEST
73,206,2026-03-15 00:00:00,DELIVERED,NORTH
74,573,2026-06-24 13:17:44,RETURNED,EAST
75,200,2025-12-07 10:38:40,DELIVERED,EAST
76,519,2024-06-14 09:18:04,DELIVERED,EAST
77,526,2025-02-04 07:30:20,CANCELLED,CENTRAL
78,454,2025-08-08 18:34:18,DELIVERED,EAST
79,470,2025-12-16 16:54:10,CANCELLED,WEST
80,70,2025-08-17 11:05:33,RETURNED,SOUTH
81,423,2025-07-02 12:22:58,PLACED,EAST
82,96,2025-09-11 17:12:43,CANCELLED,NORTH
83,183,2026-01-10 07:16:30,SHIPPED,CENTRAL
84,195,2026-02-14 04:02:37,SHIPPED,SOUTH
85,212,2024-12-22 01:28:34,SHIPPED,CENTRAL
86,110,2024-07-05 05:23:38,DELIVERED,WEST
87,555,2024-03-06 15:41:00,DELIVERED,EAST
88,589,2025-03-02 18:47:23,RETURNED,CENTRAL
89,228,2026-06-14 19:38:11,DELIVERED,WEST
90,554,2024-02-20 14:01:24,DELIVERED,SOUTH
91,124,2026-03-16 00:05:16,DELIVERED,NORTH
92,389,2026-06-21 13:33:23,DELIVERED,EAST
93,270,2025-01-03 09:11:18,RETURNED,EAST
94,511,2025-10-20 13:44:10,DELIVERED,EAST
95,411,2025-03-10 09:20:40,DELIVERED,CENTRAL
96,103,2025-02-23 08:25:55,DELIVERED,WEST
97,154,2026-01-04 18:14:03,SHIPPED,WEST
98,530,2026-04-09 12:18:49,DELIVERED,EAST
99,582,2024-03-15 02:43:54,DELIVERED,NORTH
100,261,2026-01-10 06:40:38,PLACED,EAST
101,369,2026-05-20 11:21:48,CANCELLED,EAST
102,,2024-07-07 08:03:40,DELIVERED,CENTRAL
103,590,2026-04-16 10:25:59,DELIVERED,EAST
104,523,2026-01-27 07:05:02,DELIVERED,NORTH
105,294,2025-12-21 09:55:50,PLACED,SOUTH
106,346,2025-10-17 06:27:30,DELIVERED,NORTH
107,352,2024-12-20 12:34:53,DELIVERED,EAST
108,405,2025-02-25 08:51:43,DELIVERED,EAST
109,534,2025-11-30 11:58:40,SHIPPED,NORTH
110,241,2025-01-25 22:04:49,DELIVERED,NORTH
111,407,2024-06-09 00:00:00,RETURNED,WEST
112,27,2025-09-08 17:41:58,RETURNED,NORTH
113,160,2024-05-10 23:21:06,CANCELLED,EAST
114,291,2025-11-19 10:13:05,PLACED,SOUTH
115,,2025-07-08 08:00:20,SHIPPED,WEST
116,554,2025-02-27 04:20:45,PLACED,CENTRAL
117,468,2026-05-26 02:51:56,DELIVERED,CENTRAL
118,356,2026-01-18 05:16:34,CANCELLED,WEST
119,423,2025-02-07 14:18:31,PLACED,CENTRAL
120,140,2025-06-18 04:57:32,DELIVERED,WEST
121,489,2025-04-10 00:00:00,DELIVERED,EAST
122,8,2026-05-01 14:49:55,DELIVERED,CENTRAL
123,256,2024-09-10 15:07:40,DELIVERED,WEST
124,82,2025-10-17 22:13:30,DELIVERED,CENTRAL
125,279,2025-03-18 05:31:20,DELIVERED,EAST
126,71,2024-10-10 08:37:57,PLACED,WEST
127,279,2026-02-03 06:56:27,PLACED,NORTH
128,23,2024-10-15 20:15:21,SHIPPED,SOUTH
129,9,2024-12-27 00:00:00,PLACED,SOUTH
130,320,2026-02-13 05:32:25,DELIVERED,NORTH
131,150,2024-03-28 01:15:39,DELIVERED,CENTRAL
132,197,2025-01-23 11:38:17,CANCELLED,NORTH
133,255,2025-08-20 18:18:19,DELIVERED,NORTH
134,97,2026-03-20 13:28:28,SHIPPED,WEST
135,320,2025-05-16 20:40:07,DELIVERED,CENTRAL
136,260,2026-01-17 13:32:22,SHIPPED,NORTH
137,224,2024-06-24 10:16:41,DELIVERED,NORTH
138,283,2026-06-27 07:04:44,DELIVERED,NORTH
139,596,2026-01-08 07:22:30,SHIPPED,NORTH
140,512,2024-05-21 23:41:48,SHIPPED,NORTH
141,158,2026-04-13 04:42:04,PLACED,SOUTH
142,572,2025-06-23 12:56:37,DELIVERED,SOUTH
143,,2025-08-09 20:14:48,PLACED,NORTH
144,449,2026-05-18 09:57:17,DELIVERED,SOUTH
145,557,2025-06-24 01:52:43,DELIVERED,CENTRAL
146,568,2024-09-06 00:00:00,SHIPPED,EAST
147,555,2025-07-24 06:57:13,DELIVERED,CENTRAL
148,190,2024-01-30 01:55:36,DELIVERED,CENTRAL
149,65,2026-04-17 05:45:19,SHIPPED,WEST
150,158,2025-03-15 19:49:02,DELIVERED,NORTH
151,69,2024-03-09 00:08:04,PLACED,NORTH
152,498,2024-10-24 00:00:00,DELIVERED,WEST
153,539,2026-07-06 00:00:47,DELIVERED,CENTRAL
154,14,2024-11-20 06:19:12,RETURNED,NORTH
155,63,2025-07-14 16:17:54,RETURNED,WEST
156,60,2025-02-16 22:19:30,DELIVERED,EAST
157,222,2026-03-17 00:00:00,DELIVERED,CENTRAL
158,198,2026-03-28 09:51:37,DELIVERED,SOUTH
159,572,2025-10-06 23:12:13,DELIVERED,CENTRAL
160,470,2025-10-25 10:30:34,SHIPPED,SOUTH
161,517,2025-06-08 07:23:30,DELIVERED,CENTRAL
162,361,2025-05-04 13:49:47,RETURNED,EAST
163,441,2025-05-17 11:07:27,DELIVERED,SOUTH
164,564,2025-01-29 17:07:45,DELIVERED,WEST
165,,2024-02-23 20:19:35,DELIVERED,CENTRAL
166,310,2024-01-11 04:54:13,SHIPPED,EAST
167,,2025-03-04 16:25:39,DELIVERED,CENTRAL
168,159,2024-05-26 00:00:00,DELIVERED,SOUTH
169,597,2025-01-23 03:20:26,CANCELLED,NORTH
170,583,2024-12-03 18:38:57,DELIVERED,WEST
171,591,2024-05-28 03:25:46,SHIPPED,CENTRAL
172,58,2025-06-03 10:56:58,CANCELLED,WEST
173,124,2024-12-18 04:38:50,CANCELLED,NORTH
174,392,2024-03-25 02:02:10,PLACED,CENTRAL
175,335,2026-02-19 10:53:22,SHIPPED,WEST
176,590,2026-02-23 00:00:00,DELIVERED,WEST
177,345,2024-05-08 05:30:17,DELIVERED,CENTRAL
178,88,2025-09-11 02:09:53,DELIVERED,SOUTH
179,493,2026-05-18 20:04:22,DELIVERED,CENTRAL
180,537,2025-01-17 12:42:37,SHIPPED,WEST
181,590,2024-05-19 04:19:50,DELIVERED,EAST
182,329,2025-06-19 04:49:10,PLACED,EAST
183,359,2025-11-17 22:47:15,DELIVERED,SOUTH
184,383,2024-08-30 07:46:26,CANCELLED,NORTH
185,249,2024-08-17 09:48:01,CANCELLED,NORTH
186,114,2025-04-18 23:37:31,PLACED,SOUTH
187,217,2024-11-12 14:15:54,DELIVERED,CENTRAL
188,145,2024-01-29 13:34:24,RETURNED,CENTRAL
189,,2024-09-21 00:00:00,SHIPPED,CENTRAL
190,477,2024-01-13 00:00:00,DELIVERED,EAST
191,20,2025-03-30 09:01:31,DELIVERED,SOUTH
192,521,2024-06-03 17:29:43,DELIVERED,CENTRAL
193,191,2024-11-04 22:36:17,DELIVERED,NORTH
194,,2026-04-02 10:02:07,DELIVERED,SOUTH
195,,2025-06-30 16:16:14,SHIPPED,CENTRAL
196,64,2025-02-04 06:58:58,CANCELLED,NORTH
197,287,2024-12-16 10:19:57,CANCELLED,SOUTH
198,392,2026-03-19 21:46:05,DELIVERED,SOUTH
199,587,2024-08-25 06:54:04,SHIPPED,CENTRAL
200,556,2024-07-23 16:49:16,PLACED,CENTRAL
201,208,2024-08-02 13:06:02,DELIVERED,CENTRAL
202,441,2024-08-13 11:40:24,DELIVERED,SOUTH
203,571,2026-04-07 22:14:47,PLACED,EAST
204,150,2024-02-15 19:13:07,CANCELLED,WEST
205,311,2025-11-19 04:24:15,CANCELLED,EAST
206,193,2024-06-14 20:43:39,PLACED,CENTRAL
207,581,2024-12-24 16:59:56,SHIPPED,NORTH
208,489,2024-07-27 07:06:42,DELIVERED,EAST
209,397,2026-02-02 10:25:11,SHIPPED,SOUTH
210,,2024-01-24 07:46:19,RETURNED,SOUTH
211,208,2024-11-13 00:00:00,RETURNED,WEST
212,502,2025-05-19 16:59:12,CANCELLED,WEST
213,43,2025-08-13 21:22:36,DELIVERED,CENTRAL
214,538,2024-02-29 19:49:49,DELIVERED,NORTH
215,252,2026-03-16 18:38:11,RETURNED,NORTH
216,529,2024-03-17 13:52:03,DELIVERED,EAST
217,293,2025-12-17 16:16:08,SHIPPED,NORTH
218,146,2025-12-21 03:28:33,DELIVERED,CENTRAL
219,600,2026-04-28 19:32:00,DELIVERED,WEST
220,,2025-12-05 18:26:37,DELIVERED,SOUTH
221,93,2025-01-23 11:44:37,DELIVERED,SOUTH
222,127,2024-05-21 15:51:21,DELIVERED,EAST
223,394,2026-03-05 20:18:28,SHIPPED,CENTRAL
224,175,2025-06-04 16:54:21,DELIVERED,SOUTH
225,149,2024-10-04 20:38:10,PLACED,EAST
226,457,2025-03-24 14:31:07,PLACED,SOUTH
227,4,2025-01-28 00:00:00,DELIVERED,WEST
228,6,2026-02-05 13:46:32,DELIVERED,WEST
229,453,2024-05-03 08:25:47,PLACED,CENTRAL
230,571,2024-11-18 00:00:00,PLACED,EAST
231,,2024-02-20 09:09:21,CANCELLED,EAST
232,90,2024-03-17 04:01:18,RETURNED,SOUTH
233,587,2026-05-23 07:29:06,DELIVERED,CENTRAL
234,37,2024-05-24 15:59:58,SHIPPED,WEST
235,438,2026-05-05 00:00:00,DELIVERED,NORTH
236,282,2025-05-26 09:47:00,DELIVERED,SOUTH
237,112,2026-06-06 14:06:30,DELIVERED,NORTH
238,295,2025-10-25 09:42:44,SHIPPED,CENTRAL
239,363,2024-07-20 12:03:22,DELIVERED,WEST
240,185,2024-12-27 12:29:29,RETURNED,NORTH
241,477,2024-07-02 04:35:22,SHIPPED,CENTRAL
242,424,2024-03-11 16:04:18,DELIVERED,SOUTH
243,,2024-11-08 12:48:00,SHIPPED,NORTH
244,519,2026-05-04 09:14:51,PLACED,EAST
245,583,2024-02-15 05:34:28,SHIPPED,EAST
246,491,2026-01-07 02:39:32,DELIVERED,WEST
247,472,2026-04-14 03:36:03,DELIVERED,WEST
248,58,2026-03-20 11:01:04,DELIVERED,EAST
249,20,2024-11-19 12:35:15,SHIPPED,EAST
250,153,2025-03-11 16:18:27,SHIPPED,WEST
251,170,2026-06-05 23:44:18,SHIPPED,NORTH
252,316,2025-05-03 13:23:14,SHIPPED,NORTH
253,244,2025-07-31 05:38:23,RETURNED,SOUTH
254,180,2024-06-23 08:17:06,PLACED,SOUTH
255,455,2026-02-25 00:00:00,DELIVERED,CENTRAL
256,349,2026-01-21 01:08:25,DELIVERED,EAST
257,101,2026-03-12 19:20:26,PLACED,NORTH
258,535,2024-06-28 00:00:00,RETURNED,CENTRAL
259,342,2025-12-26 06:23:42,PLACED,EAST
260,,2025-04-29 21:31:50,SHIPPED,SOUTH
261,284,2026-04-06 20:40:49,DELIVERED,NORTH
262,162,2025-03-01 01:55:21,RETURNED,CENTRAL
263,212,2026-04-22 18:56:11,SHIPPED,SOUTH
264,291,2026-06-10 19:21:48,PLACED,CENTRAL
265,554,2025-11-20 00:00:00,PLACED,NORTH
266,56,2024-05-13 18:46:14,SHIPPED,CENTRAL
267,457,2025-07-06 10:38:07,CANCELLED,CENTRAL
268,477,2026-06-01 00:43:10,CANCELLED,WEST
269,318,2025-12-23 23:14:29,RETURNED,SOUTH
270,265,2025-07-18 14:22:25,DELIVERED,EAST
271,333,2025-12-05 03:37:03,PLACED,NORTH
272,473,2024-09-22 07:56:35,SHIPPED,CENTRAL
273,106,2025-09-22 05:04:10,DELIVERED,EAST
274,73,2025-04-14 07:46:48,DELIVERED,WEST
275,250,2026-05-01 05:01:12,DELIVERED,NORTH
276,442,2025-11-07 07:09:45,SHIPPED,SOUTH
277,80,2026-06-10 23:17:27,PLACED,CENTRAL
278,569,2024-05-31 16:48:05,SHIPPED,WEST
279,112,2026-07-15 11:36:19,DELIVERED,WEST
280,63,2024-05-20 15:18:54,PLACED,CENTRAL
281,1,2024-08-15 22:19:03,DELIVERED,EAST
282,592,2025-11-25 15:19:28,DELIVERED,EAST
283,312,2025-11-06 07:47:54,RETURNED,NORTH
284,523,2025-09-19 21:34:18,CANCELLED,NORTH
285,563,2024-03-23 00:00:00,DELIVERED,EAST
286,289,2024-02-18 10:39:05,DELIVERED,WEST
287,392,2025-09-22 17:59:40,DELIVERED,SOUTH
288,193,2026-05-12 19:37:02,RETURNED,WEST
289,129,2024-07-27 00:00:00,DELIVERED,SOUTH
290,499,2025-11-09 10:39:54,PLACED,SOUTH
291,426,2025-12-09 09:58:49,DELIVERED,WEST
292,466,2026-03-02 08:21:52,CANCELLED,WEST
293,191,2025-10-21 20:38:33,DELIVERED,SOUTH
294,276,2025-09-30 05:08:37,DELIVERED,NORTH
295,582,2026-01-20 17:32:30,PLACED,WEST
296,82,2024-08-08 17:24:18,DELIVERED,EAST
297,81,2026-03-24 00:09:19,PLACED,WEST
298,80,2026-04-17 14:43:44,SHIPPED,NORTH
299,548,2024-01-17 18:02:03,DELIVERED,WEST
300,340,2025-10-16 00:37:05,RETURNED,EAST
301,37,2026-07-17 09:30:15,DELIVERED,CENTRAL
302,485,2026-06-17 02:39:43,PLACED,EAST
303,28,2025-03-21 13:15:45,PLACED,NORTH
304,285,2025-01-26 13:08:29,SHIPPED,EAST
305,,2024-06-22 06:51:47,RETURNED,SOUTH
306,379,2024-09-29 11:21:44,DELIVERED,WEST
307,541,2024-02-21 09:42:15,PLACED,SOUTH
308,158,2026-02-09 10:17:30,DELIVERED,WEST
309,451,2024-09-16 20:46:19,DELIVERED,EAST
310,271,2024-06-29 00:00:00,DELIVERED,WEST
311,546,2024-12-28 23:31:30,DELIVERED,WEST
312,544,2025-11-06 00:00:00,RETURNED,WEST
313,324,2026-04-03 17:16:49,PLACED,CENTRAL
314,443,2025-02-27 10:54:50,SHIPPED,NORTH
315,599,2025-08-30 15:16:09,DELIVERED,SOUTH
316,200,2026-03-18 17:13:39,DELIVERED,SOUTH
317,11,2024-01-14 04:00:51,PLACED,NORTH
318,457,2025-06-30 01:28:55,SHIPPED,SOUTH
319,,2024-05-22 00:00:00,DELIVERED,SOUTH
320,125,2024-07-05 00:00:00,DELIVERED,WEST
321,580,2024-10-14 00:40:23,DELIVERED,EAST
322,78,2025-12-05 09:36:31,SHIPPED,WEST
323,332,2025-02-03 18:12:13,PLACED,NORTH
324,341,2024-04-03 07:08:55,CANCELLED,SOUTH
325,504,2024-11-07 17:29:12,SHIPPED,WEST
326,554,2025-10-31 22:17:55,DELIVERED,WEST
327,106,2024-02-24 00:00:00,DELIVERED,EAST
328,20,2026-02-12 03:39:08,DELIVERED,NORTH
329,273,2024-08-23 12:20:10,RETURNED,CENTRAL
330,,2026-02-01 05:51:21,DELIVERED,NORTH
331,4,2025-08-20 04:21:38,CANCELLED,WEST
332,549,2025-07-11 13:26:42,SHIPPED,NORTH
333,93,2025-07-21 13:26:06,RETURNED,NORTH
334,297,2024-11-11 12:52:48,PLACED,WEST
335,307,2025-08-29 00:09:29,DELIVERED,EAST
336,449,2024-10-21 07:44:54,SHIPPED,CENTRAL
337,399,2024-04-07 20:32:07,DELIVERED,WEST
338,461,2024-01-26 00:00:00,PLACED,NORTH
339,217,2026-03-23 15:18:49,DELIVERED,CENTRAL
340,594,2024-12-27 22:20:05,PLACED,SOUTH
341,20,2026-01-02 00:20:28,DELIVERED,SOUTH
342,134,2024-01-23 07:34:25,PLACED,EAST
343,100,2025-12-09 15:47:39,CANCELLED,NORTH
344,109,2024-06-26 08:55:37,DELIVERED,SOUTH
345,208,2025-10-24 02:18:54,CANCELLED,WEST
346,590,2026-04-28 00:03:37,CANCELLED,SOUTH
347,178,2025-06-05 00:00:00,SHIPPED,WEST
348,379,2026-05-09 16:32:08,SHIPPED,CENTRAL
349,,2024-06-04 07:04:17,DELIVERED,WEST
350,17,2026-01-26 00:00:00,PLACED,NORTH
351,291,2025-10-08 13:53:23,DELIVERED,WEST
352,212,2024-08-10 06:42:07,DELIVERED,WEST
353,179,2024-02-28 10:37:13,DELIVERED,CENTRAL
354,309,2025-06-24 08:55:15,DELIVERED,SOUTH
355,543,2024-05-28 15:21:09,CANCELLED,CENTRAL
356,476,2024-11-19 06:51:17,SHIPPED,SOUTH
357,486,2026-02-11 20:41:51,DELIVERED,NORTH
358,373,2025-03-18 19:58:32,SHIPPED,CENTRAL
359,465,2024-03-08 06:59:34,PLACED,CENTRAL
360,30,2026-01-23 12:23:58,PLACED,SOUTH
361,594,2025-05-21 09:07:43,DELIVERED,EAST
362,113,2025-05-21 15:05:26,SHIPPED,WEST
363,385,2024-12-08 00:00:00,DELIVERED,NORTH
364,149,2024-12-01 19:13:16,DELIVERED,WEST
365,469,2024-10-28 14:37:12,RETURNED,SOUTH
366,33,2026-06-02 00:00:00,PLACED,WEST
367,176,2025-06-17 17:26:31,SHIPPED,SOUTH
368,175,2026-06-17 01:55:46,CANCELLED,NORTH
369,535,2026-01-29 23:11:50,SHIPPED,WEST
370,286,2024-01-23 12:44:34,DELIVERED,SOUTH
371,445,2026-06-19 04:05:48,RETURNED,SOUTH
372,6,2025-10-10 23:39:48,PLACED,WEST
373,517,2024-02-22 05:27:54,DELIVERED,NORTH
374,247,2024-05-09 01:52:35,PLACED,WEST
375,136,2025-07-10 18:19:56,DELIVERED,NORTH
376,,2025-04-18 13:07:56,DELIVERED,CENTRAL
377,25,2025-12-07 13:41:38,PLACED,WEST
378,380,2025-12-22 06:12:05,PLACED,NORTH
379,341,2026-04-04 00:00:00,DELIVERED,EAST
380,556,2026-06-12 14:06:18,DELIVERED,NORTH
381,344,2024-03-26 03:31:38,RETURNED,EAST
382,114,2025-08-17 21:35:49,DELIVERED,EAST
383,573,2024-04-14 02:09:41,DELIVERED,SOUTH
384,245,2026-04-18 07:00:26,DELIVERED,CENTRAL
385,215,2024-12-16 04:54:32,CANCELLED,CENTRAL
386,284,2024-03-25 00:00:00,SHIPPED,WEST
387,126,2025-12-31 08:58:43,DELIVERED,CENTRAL
388,463,2025-07-25 21:28:19,RETURNED,NORTH
389,469,2024-05-15 00:00:00,CANCELLED,EAST
390,79,2024-06-18 21:25:11,PLACED,SOUTH
391,210,2026-03-19 20:38:31,PLACED,WEST
392,555,2024-07-24 02:20:13,DELIVERED,NORTH
393,65,2024-02-04 05:35:04,SHIPPED,CENTRAL
394,422,2026-06-17 23:40:17,DELIVERED,EAST
395,543,2026-05-02 00:23:44,SHIPPED,SOUTH
396,314,2024-09-23 18:49:26,SHIPPED,EAST
397,49,2024-08-18 10:27:14,DELIVERED,SOUTH
398,165,2026-04-11 14:03:09,RETURNED,SOUTH
399,120,2024-03-04 22:14:14,DELIVERED,WEST
400,189,2024-11-14 16:44:46,PLACED,EAST
401,152,2025-08-02 07:16:35,RETURNED,CENTRAL
402,26,2025-09-20 11:10:36,DELIVERED,WEST
403,160,2024-01-07 16:06:11,DELIVERED,CENTRAL
404,303,2026-01-06 04:40:13,RETURNED,CENTRAL
405,579,2025-11-17 18:53:20,PLACED,WEST
406,143,2026-05-05 21:16:38,PLACED,CENTRAL
407,457,2025-07-09 00:00:00,PLACED,SOUTH
408,228,2025-03-07 17:52:33,PLACED,WEST
409,90,2026-03-06 00:49:18,DELIVERED,CENTRAL
410,58,2025-07-14 21:28:26,DELIVERED,WEST
411,382,2024-01-19 22:30:20,DELIVERED,WEST
412,90,2024-12-01 01:41:53,DELIVERED,WEST
413,296,2024-09-11 10:32:47,RETURNED,WEST
414,425,2024-08-04 19:27:37,DELIVERED,SOUTH
415,487,2026-03-27 00:38:32,PLACED,CENTRAL
416,91,2024-01-11 06:46:09,RETURNED,WEST
417,474,2026-06-01 05:27:18,PLACED,SOUTH
418,297,2026-05-10 09:39:20,CANCELLED,EAST
419,312,2026-02-06 13:24:04,DELIVERED,NORTH
420,158,2025-02-12 01:18:33,DELIVERED,WEST
421,295,2025-10-10 00:43:54,RETURNED,SOUTH
422,,2025-03-06 15:24:00,RETURNED,CENTRAL
423,596,2026-01-16 09:48:46,CANCELLED,WEST
424,123,2025-08-02 17:59:13,DELIVERED,EAST
425,60,2024-08-15 00:23:12,CANCELLED,SOUTH
426,55,2025-02-27 13:53:15,DELIVERED,EAST
427,,2025-03-29 02:01:32,RETURNED,CENTRAL
428,188,2024-05-26 19:32:16,SHIPPED,EAST
429,309,2025-02-25 16:43:26,DELIVERED,NORTH
430,361,2024-08-11 00:00:00,DELIVERED,EAST
431,422,2025-06-12 15:47:29,SHIPPED,SOUTH
432,227,2024-10-19 16:41:12,DELIVERED,CENTRAL
433,565,2024-06-26 00:59:16,RETURNED,NORTH
434,18,2026-01-14 21:44:07,DELIVERED,SOUTH
435,536,2025-06-15 08:22:00,SHIPPED,NORTH
436,146,2024-12-17 23:18:25,SHIPPED,NORTH
437,115,2024-04-30 00:00:00,DELIVERED,WEST
438,,2024-06-16 00:00:00,DELIVERED,CENTRAL
439,122,2025-01-28 00:00:00,SHIPPED,NORTH
440,127,2026-07-23 20:25:51,RETURNED,SOUTH
441,30,2024-05-21 00:29:53,DELIVERED,EAST
442,357,2025-07-01 03:05:23,DELIVERED,CENTRAL
443,584,2024-04-16 00:00:00,DELIVERED,NORTH
444,197,2025-03-13 20:22:58,DELIVERED,NORTH
445,102,2024-11-28 11:04:18,CANCELLED,WEST
446,190,2025-11-13 23:55:48,PLACED,EAST
447,435,2024-11-28 20:42:49,DELIVERED,EAST
448,113,2026-03-18 08:50:55,DELIVERED,EAST
449,42,2024-05-07 18:25:32,PLACED,EAST
450,320,2025-11-20 15:52:28,DELIVERED,WEST
451,72,2026-01-08 22:30:58,DELIVERED,NORTH
452,504,2024-06-12 09:05:31,DELIVERED,NORTH
453,405,2025-09-14 08:21:21,RETURNED,SOUTH
454,204,2025-06-10 01:06:10,CANCELLED,WEST
455,435,2026-02-14 08:10:25,DELIVERED,CENTRAL
456,410,2025-07-07 04:16:11,DELIVERED,WEST
457,524,2025-03-09 05:47:47,DELIVERED,NORTH
458,510,2024-12-24 13:39:36,PLACED,NORTH
459,70,2026-02-12 19:48:55,RETURNED,WEST
460,335,2024-08-25 06:26:06,DELIVERED,NORTH
461,533,2026-02-03 14:04:49,SHIPPED,WEST
462,268,2026-04-22 15:33:31,CANCELLED,CENTRAL
463,,2024-02-19 02:04:41,CANCELLED,NORTH
464,323,2025-08-07 14:50:38,PLACED,SOUTH
465,311,2024-09-11 23:44:27,PLACED,WEST
466,113,2026-06-02 16:27:35,DELIVERED,CENTRAL
467,488,2026-05-23 10:24:03,DELIVERED,WEST
468,387,2025-07-01 23:59:11,SHIPPED,NORTH
469,,2024-03-11 02:08:16,DELIVERED,CENTRAL
470,,2025-06-14 02:57:55,DELIVERED,EAST
471,58,2025-01-14 09:30:46,DELIVERED,CENTRAL
472,68,2025-04-18 15:57:37,SHIPPED,CENTRAL
473,472,2025-10-18 06:56:11,RETURNED,EAST
474,,2025-12-30 15:40:53,RETURNED,WEST
475,331,2026-06-08 00:00:00,DELIVERED,SOUTH
476,515,2025-06-11 10:56:50,SHIPPED,WEST
477,78,2026-04-12 09:20:25,SHIPPED,EAST
478,412,2024-12-16 21:38:22,RETURNED,CENTRAL
479,345,2025-02-28 00:00:00,CANCELLED,WEST
480,356,2024-04-29 02:09:04,SHIPPED,EAST
481,553,2025-05-01 18:38:43,DELIVERED,CENTRAL
482,561,2024-10-07 13:17:15,DELIVERED,CENTRAL
483,591,2026-02-14 11:39:37,RETURNED,WEST
484,546,2025-11-04 18:25:14,DELIVERED,NORTH
485,374,2025-12-19 10:45:12,SHIPPED,EAST
486,421,2025-05-10 00:15:05,RETURNED,SOUTH
487,274,2025-03-21 21:47:53,SHIPPED,CENTRAL
488,245,2024-06-25 09:46:14,PLACED,EAST
489,574,2025-11-08 12:12:48,RETURNED,SOUTH
490,140,2024-02-15 06:29:15,CANCELLED,CENTRAL
491,44,2026-01-24 17:30:04,PLACED,NORTH
492,306,2024-04-08 18:29:50,DELIVERED,EAST
493,93,2025-09-08 13:19:11,DELIVERED,SOUTH
494,585,2026-02-16 02:37:00,DELIVERED,CENTRAL
495,538,2025-01-26 04:05:05,PLACED,CENTRAL
496,321,2025-05-26 12:40:06,DELIVERED,SOUTH
497,224,2024-08-12 03:04:13,SHIPPED,EAST
498,261,2026-07-04 00:00:00,DELIVERED,NORTH
499,434,2026-01-07 15:50:41,RETURNED,SOUTH
500,377,2025-04-23 00:00:00,RETURNED,CENTRAL
501,,2024-03-25 22:19:57,DELIVERED,SOUTH
502,394,2025-04-25 10:21:55,DELIVERED,NORTH
503,243,2025-11-18 05:58:18,RETURNED,WEST
504,262,2025-04-12 00:00:00,CANCELLED,SOUTH
505,165,2025-11-12 17:21:32,CANCELLED,WEST
506,281,2024-05-04 10:08:29,RETURNED,WEST
507,341,2025-10-18 02:56:44,CANCELLED,SOUTH
508,519,2024-04-13 02:20:59,DELIVERED,CENTRAL
509,465,2024-02-12 11:42:54,DELIVERED,SOUTH
510,140,2024-01-05 18:40:27,DELIVERED,EAST
511,114,2024-09-02 04:02:49,DELIVERED,SOUTH
512,421,2025-05-11 04:03:45,CANCELLED,SOUTH
513,336,2025-03-13 18:09:57,DELIVERED,SOUTH
514,387,2026-06-05 01:42:05,RETURNED,CENTRAL
515,235,2024-05-18 05:17:12,SHIPPED,SOUTH
516,,2025-10-28 06:40:35,PLACED,EAST
517,581,2024-07-01 00:00:00,DELIVERED,WEST
518,507,2024-07-03 02:27:38,SHIPPED,EAST
519,507,2025-08-16 12:43:59,CANCELLED,CENTRAL
520,290,2024-10-21 03:58:14,DELIVERED,SOUTH
521,,2025-02-10 16:35:29,DELIVERED,SOUTH
522,470,2024-05-13 00:00:00,PLACED,EAST
523,408,2024-11-25 16:02:52,DELIVERED,CENTRAL
524,98,2026-05-15 00:00:00,SHIPPED,SOUTH
525,363,2026-07-30 23:16:42,RETURNED,CENTRAL
526,47,2024-01-09 07:52:19,DELIVERED,EAST
527,380,2024-07-24 10:11:57,DELIVERED,CENTRAL
528,174,2026-02-21 13:02:20,SHIPPED,WEST
529,325,2026-04-03 23:37:57,SHIPPED,EAST
530,,2024-07-17 15:23:41,RETURNED,EAST
531,441,2025-03-15 12:13:38,SHIPPED,EAST
532,447,2024-09-13 07:02:33,RETURNED,SOUTH
533,451,2024-03-23 16:16:01,PLACED,SOUTH
534,,2025-02-08 05:51:09,DELIVERED,NORTH
535,507,2024-03-04 08:49:30,RETURNED,CENTRAL
536,505,2024-06-23 17:57:50,CANCELLED,NORTH
537,209,2025-03-17 08:37:44,SHIPPED,CENTRAL
538,577,2026-06-28 19:38:10,RETURNED,NORTH
539,585,2024-10-07 12:05:40,PLACED,WEST
540,337,2024-02-10 07:56:23,RETURNED,NORTH
541,109,2025-05-17 14:23:00,PLACED,WEST
542,276,2026-07-12 01:32:25,SHIPPED,NORTH
543,464,2025-05-19 17:43:35,RETURNED,CENTRAL
544,50,2025-03-15 13:17:24,PLACED,NORTH
545,391,2024-05-23 18:33:06,SHIPPED,WEST
546,214,2024-09-10 02:52:08,DELIVERED,SOUTH
547,503,2025-11-02 15:29:24,RETURNED,CENTRAL
548,99,2025-07-24 19:47:00,DELIVERED,WEST
549,577,2026-07-21 14:19:31,DELIVERED,EAST
550,445,2025-10-23 00:00:00,DELIVERED,WEST
551,159,2026-02-08 10:57:07,DELIVERED,NORTH
552,448,2024-05-03 00:09:39,DELIVERED,SOUTH
553,308,2025-01-21 06:28:28,SHIPPED,NORTH
554,47,2026-03-08 13:28:50,DELIVERED,NORTH
555,583,2025-01-28 14:42:12,DELIVERED,CENTRAL
556,,2025-12-20 01:22:40,SHIPPED,WEST
557,,2025-10-08 14:58:58,SHIPPED,CENTRAL
558,461,2025-02-15 18:41:22,RETURNED,SOUTH
559,81,2026-07-27 08:43:24,DELIVERED,WEST
560,6,2025-09-05 12:12:03,SHIPPED,WEST
561,415,2026-07-23 23:59:24,SHIPPED,CENTRAL
562,405,2025-04-15 00:00:00,PLACED,SOUTH
563,17,2024-10-19 09:23:28,SHIPPED,SOUTH
564,447,2026-04-16 15:48:44,SHIPPED,WEST
565,433,2024-02-03 21:23:25,RETURNED,WEST
566,483,2024-01-31 11:46:35,DELIVERED,SOUTH
567,402,2024-03-20 02:30:59,PLACED,WEST
568,508,2026-06-17 22:03:20,DELIVERED,EAST
569,,2025-09-12 21:09:51,DELIVERED,CENTRAL
570,500,2024-12-26 06:04:27,DELIVERED,WEST
571,567,2024-04-08 15:50:44,DELIVERED,WEST
572,356,2025-11-27 10:46:55,PLACED,EAST
573,481,2025-06-18 03:33:35,DELIVERED,CENTRAL
574,348,2026-07-24 07:55:11,DELIVERED,WEST
575,301,2025-08-29 10:05:39,CANCELLED,EAST
576,166,2024-11-17 21:17:46,DELIVERED,WEST
577,205,2024-08-30 19:48:42,PLACED,WEST
578,506,2025-04-16 16:57:47,DELIVERED,NORTH
579,268,2025-07-08 15:33:37,SHIPPED,CENTRAL
580,,2024-04-08 21:37:30,PLACED,SOUTH
581,230,2026-01-25 13:00:45,SHIPPED,EAST
582,571,2025-02-19 12:47:45,CANCELLED,CENTRAL
583,107,2024-03-19 07:52:11,DELIVERED,WEST
584,114,2024-06-13 11:56:04,DELIVERED,NORTH
585,43,2026-02-27 01:43:42,DELIVERED,SOUTH
586,161,2025-03-29 19:08:03,DELIVERED,WEST
587,102,2024-08-27 16:33:42,SHIPPED,SOUTH
588,207,2025-11-13 03:08:59,DELIVERED,NORTH
589,486,2025-06-14 05:20:04,SHIPPED,EAST
590,425,2025-07-14 05:45:38,SHIPPED,CENTRAL
591,234,2024-08-02 08:48:05,DELIVERED,WEST
592,529,2025-07-15 23:55:33,DELIVERED,NORTH
593,530,2024-04-18 00:00:00,SHIPPED,SOUTH
594,403,2024-02-27 14:57:16,DELIVERED,CENTRAL
595,533,2025-04-04 09:24:20,CANCELLED,CENTRAL
596,322,2025-06-18 00:00:00,SHIPPED,CENTRAL
597,151,2025-09-19 11:54:10,SHIPPED,CENTRAL
598,453,2025-06-20 07:52:32,DELIVERED,WEST
599,309,2024-05-10 00:00:00,SHIPPED,SOUTH
600,554,2025-03-17 01:35:52,DELIVERED,EAST
601,164,2024-02-06 00:00:00,DELIVERED,CENTRAL
602,312,2025-10-18 17:06:31,PLACED,NORTH
603,266,2026-02-27 08:56:53,PLACED,NORTH
604,587,2024-01-09 02:22:10,RETURNED,CENTRAL
605,547,2026-07-14 03:40:22,SHIPPED,CENTRAL
606,387,2026-03-18 06:34:36,PLACED,CENTRAL
607,370,2025-12-06 00:00:00,DELIVERED,WEST
608,64,2025-10-22 00:55:31,DELIVERED,WEST
609,539,2025-09-17 15:44:47,DELIVERED,WEST
610,599,2026-02-13 21:37:47,RETURNED,WEST
611,427,2024-09-09 23:13:07,PLACED,WEST
612,526,2026-04-01 23:48:37,SHIPPED,WEST
613,,2024-08-31 15:24:27,DELIVERED,NORTH
614,419,2024-06-20 09:37:49,DELIVERED,NORTH
615,121,2025-07-31 01:18:24,DELIVERED,EAST
616,147,2024-08-08 19:21:21,DELIVERED,EAST
617,221,2024-10-11 09:36:36,DELIVERED,NORTH
618,70,2024-03-10 09:53:00,DELIVERED,CENTRAL
619,346,2025-08-09 02:58:24,DELIVERED,CENTRAL
620,142,2026-02-23 02:57:38,DELIVERED,WEST
621,334,2024-05-18 17:54:13,DELIVERED,WEST
622,405,2025-06-10 14:45:25,RETURNED,WEST
623,91,2024-09-14 06:33:59,DELIVERED,EAST
624,127,2026-05-18 00:00:00,RETURNED,CENTRAL
625,55,2026-06-04 20:15:05,DELIVERED,CENTRAL
626,124,2026-04-06 05:09:25,PLACED,SOUTH
627,594,2025-11-21 00:00:00,DELIVERED,EAST
628,47,2026-02-02 11:26:34,PLACED,WEST
629,25,2026-03-31 01:36:14,SHIPPED,NORTH
630,555,2024-09-18 05:18:35,SHIPPED,NORTH
631,418,2024-09-19 00:00:00,RETURNED,SOUTH
632,,2024-03-31 21:06:16,PLACED,SOUTH
633,332,2025-02-04 16:29:14,CANCELLED,NORTH
634,246,2026-07-16 09:56:43,DELIVERED,CENTRAL
635,118,2025-02-22 00:00:00,DELIVERED,WEST
636,30,2025-09-25 00:28:10,RETURNED,NORTH
637,104,2025-01-17 15:19:46,DELIVERED,SOUTH
638,417,2025-11-23 00:00:00,DELIVERED,SOUTH
639,146,2025-08-02 21:49:38,SHIPPED,SOUTH
640,434,2026-05-12 09:34:33,PLACED,WEST
641,297,2024-09-17 00:00:00,RETURNED,WEST
642,257,2025-08-13 13:09:00,CANCELLED,SOUTH
643,523,2025-03-13 00:00:00,DELIVERED,CENTRAL
644,92,2025-09-06 02:02:05,CANCELLED,CENTRAL
645,443,2024-11-23 13:03:51,RETURNED,EAST
646,351,2025-02-10 00:13:36,DELIVERED,EAST
647,330,2025-06-14 16:52:56,RETURNED,EAST
648,,2024-07-26 17:39:25,PLACED,WEST
649,,2024-01-15 21:06:59,DELIVERED,WEST
650,552,2024-05-06 01:26:45,DELIVERED,NORTH
651,456,2024-07-10 17:16:00,CANCELLED,CENTRAL
652,182,2024-01-14 02:20:40,DELIVERED,SOUTH
653,227,2024-01-31 17:30:50,DELIVERED,EAST
654,311,2024-12-09 12:58:59,DELIVERED,EAST
655,,2026-02-04 14:19:39,DELIVERED,SOUTH
656,,2025-09-07 07:09:47,SHIPPED,CENTRAL
657,566,2024-10-28 00:16:43,DELIVERED,CENTRAL
658,67,2026-07-02 16:21:54,PLACED,EAST
659,234,2026-03-23 13:50:03,SHIPPED,NORTH
660,546,2025-01-27 21:34:51,CANCELLED,NORTH
661,54,2025-05-16 18:17:07,RETURNED,EAST
662,531,2025-12-25 19:36:50,DELIVERED,NORTH
663,230,2024-03-13 22:58:08,DELIVERED,WEST
664,402,2024-10-29 07:31:02,CANCELLED,NORTH
665,232,2025-10-20 09:09:51,RETURNED,SOUTH
666,319,2024-04-07 14:59:55,PLACED,WEST
667,25,2026-07-09 11:08:53,RETURNED,EAST
668,485,2025-01-05 06:40:31,CANCELLED,EAST
669,243,2024-04-23 06:18:46,DELIVERED,NORTH
670,593,2024-07-12 00:00:00,PLACED,NORTH
671,67,2024-07-17 00:00:00,CANCELLED,NORTH
672,443,2024-04-12 04:50:19,PLACED,NORTH
673,391,2025-09-15 00:00:00,DELIVERED,SOUTH
674,11,2025-12-05 08:23:47,DELIVERED,CENTRAL
675,348,2024-02-10 08:18:33,SHIPPED,SOUTH
676,13,2026-07-13 13:44:10,DELIVERED,SOUTH
677,130,2026-03-01 13:05:34,DELIVERED,CENTRAL
678,249,2024-08-01 20:48:37,PLACED,EAST
679,526,2025-07-09 17:38:58,CANCELLED,SOUTH
680,317,2026-07-26 05:45:13,DELIVERED,NORTH
681,149,2024-03-30 00:57:24,CANCELLED,CENTRAL
682,433,2025-06-18 02:23:36,SHIPPED,SOUTH
683,350,2024-10-21 03:41:14,DELIVERED,WEST
684,340,2026-06-17 12:42:56,SHIPPED,EAST
685,167,2024-06-11 21:00:46,DELIVERED,NORTH
686,4,2024-12-12 10:58:40,DELIVERED,SOUTH
687,340,2025-08-06 23:00:28,SHIPPED,NORTH
688,76,2025-07-09 00:00:00,PLACED,EAST
689,600,2025-07-13 00:00:00,PLACED,SOUTH
690,225,2025-02-11 00:01:30,SHIPPED,CENTRAL
691,201,2024-02-03 09:16:51,SHIPPED,NORTH
692,,2024-08-01 04:48:35,DELIVERED,NORTH
693,216,2025-04-18 21:55:21,DELIVERED,EAST
694,540,2025-11-04 18:10:52,PLACED,SOUTH
695,134,2024-10-21 14:20:01,DELIVERED,EAST
696,440,2025-01-14 21:28:16,DELIVERED,CENTRAL
697,549,2025-04-01 23:55:39,SHIPPED,NORTH
698,287,2024-07-15 10:42:56,RETURNED,WEST
699,84,2026-01-01 03:44:54,DELIVERED,SOUTH
700,522,2025-08-04 09:39:04,DELIVERED,EAST
701,539,2026-01-20 18:37:12,DELIVERED,EAST
702,598,2024-02-26 20:42:51,CANCELLED,WEST
703,406,2024-12-05 13:45:53,CANCELLED,CENTRAL
704,384,2025-01-30 09:32:16,PLACED,NORTH
705,532,2025-06-30 03:39:51,PLACED,CENTRAL
706,437,2025-12-01 20:08:09,DELIVERED,WEST
707,392,2024-02-08 09:33:40,SHIPPED,NORTH
708,85,2025-04-02 12:25:12,DELIVERED,NORTH
709,234,2024-06-01 20:57:27,DELIVERED,CENTRAL
710,202,2025-05-26 11:00:18,DELIVERED,EAST
711,142,2026-04-23 17:11:28,PLACED,EAST
712,355,2025-09-19 07:10:13,CANCELLED,NORTH
713,525,2024-08-19 21:36:15,SHIPPED,SOUTH
714,529,2026-06-30 21:04:54,DELIVERED,WEST
715,88,2025-05-01 08:16:32,DELIVERED,WEST
716,461,2026-05-17 00:00:00,PLACED,SOUTH
717,10,2026-02-15 09:54:08,CANCELLED,EAST
718,436,2025-09-18 14:40:32,DELIVERED,EAST
719,24,2026-05-31 16:49:12,RETURNED,SOUTH
720,339,2026-06-01 15:41:29,DELIVERED,CENTRAL
721,401,2025-08-15 08:35:11,DELIVERED,CENTRAL
722,487,2024-06-17 18:19:53,RETURNED,EAST
723,107,2026-05-08 21:51:31,CANCELLED,CENTRAL
724,192,2024-11-05 00:00:00,RETURNED,EAST
725,299,2026-03-25 00:00:00,PLACED,CENTRAL
726,,2025-05-22 14:56:44,DELIVERED,SOUTH
727,133,2026-04-13 08:25:05,DELIVERED,WEST
728,212,2024-07-20 20:13:35,SHIPPED,WEST
729,589,2025-04-27 01:20:04,DELIVERED,WEST
730,8,2024-08-09 15:56:34,CANCELLED,CENTRAL
731,539,2025-05-25 21:57:44,CANCELLED,WEST
732,41,2024-05-21 12:33:14,CANCELLED,WEST
733,305,2025-08-30 12:54:20,CANCELLED,SOUTH
734,184,2025-11-02 04:59:01,RETURNED,SOUTH
735,98,2025-09-03 08:39:23,PLACED,SOUTH
736,551,2025-03-29 10:25:57,PLACED,SOUTH
737,422,2026-05-08 18:46:07,DELIVERED,NORTH
738,334,2025-09-29 01:29:22,SHIPPED,CENTRAL
739,,2024-02-11 00:00:00,DELIVERED,WEST
740,409,2024-10-28 23:53:27,PLACED,NORTH
741,140,2025-05-23 03:33:29,DELIVERED,WEST
742,562,2025-01-11 09:21:37,DELIVERED,WEST
743,166,2024-09-22 00:01:20,DELIVERED,SOUTH
744,548,2025-08-30 03:55:32,DELIVERED,NORTH
745,158,2025-11-15 12:55:14,SHIPPED,NORTH
746,546,2024-12-01 19:16:16,PLACED,CENTRAL
747,106,2025-08-29 19:18:32,DELIVERED,CENTRAL
748,,2025-08-09 06:19:30,RETURNED,EAST
749,205,2024-05-21 00:00:00,PLACED,NORTH
750,197,2024-04-08 03:12:13,CANCELLED,SOUTH
751,46,2025-10-07 17:40:26,CANCELLED,EAST
752,195,2024-11-17 17:58:03,DELIVERED,WEST
753,219,2024-06-13 11:41:26,SHIPPED,WEST
754,13,2025-08-27 13:55:49,SHIPPED,EAST
755,378,2024-03-09 00:00:00,SHIPPED,EAST
756,512,2024-06-07 03:53:08,DELIVERED,CENTRAL
757,98,2026-07-20 20:40:05,DELIVERED,WEST
758,137,2025-05-30 19:35:33,DELIVERED,EAST
759,494,2024-04-14 21:05:06,DELIVERED,CENTRAL
760,524,2024-12-27 01:26:59,DELIVERED,NORTH
761,128,2025-04-24 18:42:41,DELIVERED,SOUTH
762,62,2024-08-01 16:26:24,SHIPPED,SOUTH
763,39,2025-01-04 19:40:04,DELIVERED,WEST
764,337,2024-07-27 13:50:13,DELIVERED,NORTH
765,425,2025-03-24 02:23:08,SHIPPED,EAST
766,211,2026-04-17 00:00:00,RETURNED,SOUTH
767,228,2025-08-15 14:49:33,SHIPPED,NORTH
768,504,2024-04-18 17:13:36,PLACED,SOUTH
769,129,2024-05-22 13:02:17,DELIVERED,SOUTH
770,81,2025-10-24 03:22:19,SHIPPED,SOUTH
771,181,2026-07-30 03:46:16,SHIPPED,WEST
772,207,2025-02-26 07:42:16,DELIVERED,EAST
773,172,2026-01-01 05:28:14,DELIVERED,WEST
774,494,2024-01-31 18:36:37,DELIVERED,NORTH
775,308,2026-07-13 14:02:38,DELIVERED,SOUTH
776,475,2025-04-20 02:48:47,DELIVERED,CENTRAL
777,342,2024-07-31 06:55:04,SHIPPED,SOUTH
778,,2026-02-16 19:26:30,DELIVERED,WEST
779,405,2025-08-02 15:51:00,SHIPPED,CENTRAL
780,40,2024-07-12 08:51:28,DELIVERED,SOUTH
781,262,2025-06-25 11:57:19,DELIVERED,EAST
782,395,2025-10-20 17:22:10,SHIPPED,NORTH
783,371,2024-02-13 21:27:46,DELIVERED,EAST
784,151,2025-01-30 00:32:42,DELIVERED,SOUTH
785,,2024-05-23 09:24:35,RETURNED,WEST
786,83,2026-03-16 12:27:43,CANCELLED,SOUTH
787,259,2025-04-14 11:33:43,DELIVERED,WEST
788,422,2024-05-18 01:26:31,DELIVERED,EAST
789,276,2024-11-21 11:40:43,DELIVERED,EAST
790,,2024-09-18 14:21:29,PLACED,NORTH
791,428,2026-03-26 12:00:05,SHIPPED,WEST
792,384,2024-10-16 13:29:49,SHIPPED,SOUTH
793,113,2025-12-01 01:51:06,SHIPPED,SOUTH
794,188,2024-10-25 01:59:06,RETURNED,WEST
795,112,2024-09-15 00:00:00,PLACED,NORTH
796,351,2024-02-16 02:03:10,DELIVERED,NORTH
797,,2025-02-17 08:12:33,PLACED,CENTRAL
798,43,2024-05-30 10:31:33,DELIVERED,WEST
799,273,2026-01-24 20:38:24,SHIPPED,WEST
800,352,2025-05-04 16:23:42,RETURNED,WEST
801,59,2025-07-07 01:43:54,CANCELLED,NORTH
802,412,2024-08-03 00:00:00,PLACED,CENTRAL
803,255,2025-07-26 08:03:43,DELIVERED,WEST
804,193,2024-01-05 20:39:41,RETURNED,EAST
805,,2025-07-13 13:26:18,RETURNED,EAST
806,240,2026-07-31 13:45:53,DELIVERED,NORTH
807,488,2024-06-05 01:15:38,SHIPPED,SOUTH
808,533,2026-06-07 09:42:08,DELIVERED,NORTH
809,90,2025-04-13 03:04:44,RETURNED,WEST
810,457,2024-06-28 16:48:44,DELIVERED,SOUTH
811,92,2024-06-12 20:11:40,DELIVERED,SOUTH
812,335,2025-08-18 17:32:11,SHIPPED,EAST
813,127,2024-07-29 21:21:59,DELIVERED,WEST
814,341,2024-12-13 16:06:01,DELIVERED,CENTRAL
815,352,2025-08-08 15:57:48,DELIVERED,WEST
816,576,2025-11-09 19:08:00,SHIPPED,NORTH
817,115,2024-05-18 11:21:31,DELIVERED,SOUTH
818,119,2026-06-08 20:59:10,CANCELLED,WEST
819,2,2025-04-27 00:00:00,DELIVERED,WEST
820,328,2025-07-21 01:04:30,RETURNED,SOUTH
821,228,2024-06-14 13:48:40,DELIVERED,WEST
822,304,2024-12-06 01:20:29,DELIVERED,CENTRAL
823,36,2026-07-19 07:52:34,DELIVERED,NORTH
824,588,2026-01-12 23:40:23,SHIPPED,EAST
825,386,2024-04-01 08:41:31,SHIPPED,SOUTH
826,231,2024-03-22 15:48:49,DELIVERED,WEST
827,307,2024-09-04 07:09:12,DELIVERED,EAST
828,485,2025-06-25 01:49:55,DELIVERED,CENTRAL
829,290,2024-10-30 01:33:48,DELIVERED,NORTH
830,595,2024-03-25 01:51:46,DELIVERED,WEST
831,592,2024-08-01 16:38:39,DELIVERED,SOUTH
832,201,2024-01-15 04:29:05,CANCELLED,NORTH
833,152,2025-08-07 23:01:02,DELIVERED,SOUTH
834,99,2025-07-06 09:07:36,SHIPPED,NORTH
835,528,2025-06-09 19:39:57,RETURNED,WEST
836,122,2025-01-09 03:44:27,SHIPPED,CENTRAL
837,385,2024-05-19 04:56:44,CANCELLED,WEST
838,456,2025-07-24 00:00:00,PLACED,NORTH
839,522,2024-12-15 00:00:00,DELIVERED,CENTRAL
840,97,2026-07-10 00:07:53,DELIVERED,WEST
841,129,2024-06-03 11:26:19,DELIVERED,CENTRAL
842,21,2025-09-03 17:47:57,DELIVERED,CENTRAL
843,532,2026-06-27 07:59:56,CANCELLED,NORTH
844,213,2024-07-01 06:13:58,DELIVERED,SOUTH
845,,2025-11-25 18:03:00,PLACED,SOUTH
846,166,2024-05-16 10:12:05,CANCELLED,NORTH
847,128,2026-02-25 06:34:36,RETURNED,SOUTH
848,1,2025-01-20 18:40:39,RETURNED,CENTRAL
849,301,2026-04-09 16:46:50,DELIVERED,EAST
850,361,2026-07-30 15:44:06,SHIPPED,NORTH
851,46,2025-01-03 00:00:00,PLACED,SOUTH
852,566,2024-12-01 14:33:13,SHIPPED,CENTRAL
853,564,2025-01-31 01:52:21,DELIVERED,SOUTH
854,86,2025-01-29 20:29:40,RETURNED,SOUTH
855,73,2025-02-22 11:56:53,DELIVERED,SOUTH
856,578,2026-03-05 11:23:49,DELIVERED,SOUTH
857,445,2025-08-11 00:00:00,DELIVERED,NORTH
858,545,2024-06-19 20:43:45,DELIVERED,EAST
859,372,2025-06-02 02:25:40,PLACED,SOUTH
860,101,2025-08-08 21:23:38,SHIPPED,NORTH
861,127,2024-09-29 23:44:25,CANCELLED,CENTRAL
862,502,2024-05-28 10:00:36,DELIVERED,EAST
863,102,2024-03-15 12:12:03,RETURNED,WEST
864,545,2026-05-06 23:48:41,CANCELLED,WEST
865,266,2024-01-15 18:05:28,DELIVERED,SOUTH
866,582,2025-02-19 00:00:00,DELIVERED,EAST
867,256,2025-10-11 17:15:25,SHIPPED,EAST
868,515,2025-03-21 13:24:43,DELIVERED,SOUTH
869,90,2025-04-19 19:53:12,SHIPPED,NORTH
870,79,2025-01-07 21:13:05,SHIPPED,NORTH
871,293,2026-05-10 20:34:25,CANCELLED,NORTH
872,435,2026-03-01 05:03:10,PLACED,WEST
873,546,2024-07-12 16:50:21,DELIVERED,NORTH
874,548,2025-06-20 00:47:33,DELIVERED,CENTRAL
875,44,2025-11-27 22:57:37,DELIVERED,CENTRAL
876,180,2024-04-26 16:45:54,PLACED,EAST
877,433,2026-02-08 17:52:19,DELIVERED,NORTH
878,256,2026-04-17 11:50:10,CANCELLED,EAST
879,301,2025-02-15 06:37:29,DELIVERED,CENTRAL
880,313,2026-03-11 20:18:52,PLACED,WEST
881,500,2024-03-30 07:38:00,DELIVERED,EAST
882,110,2024-01-09 00:10:13,DELIVERED,WEST
883,104,2025-10-31 05:31:49,PLACED,CENTRAL
884,421,2024-07-11 09:11:18,PLACED,EAST
885,405,2025-08-04 11:16:06,DELIVERED,SOUTH
886,276,2024-06-17 20:26:34,DELIVERED,WEST
887,363,2025-11-05 00:00:00,CANCELLED,SOUTH
888,292,2024-03-03 12:51:50,DELIVERED,EAST
889,165,2024-11-05 02:57:23,RETURNED,EAST
890,501,2026-05-04 14:05:49,DELIVERED,SOUTH
891,410,2026-02-18 14:38:38,DELIVERED,WEST
892,111,2024-02-02 20:36:41,SHIPPED,NORTH
893,243,2024-03-21 20:11:08,SHIPPED,CENTRAL
894,445,2026-01-15 22:53:35,DELIVERED,WEST
895,157,2026-03-05 04:24:09,SHIPPED,NORTH
896,254,2025-10-28 16:12:16,DELIVERED,NORTH
897,515,2024-10-08 11:11:15,CANCELLED,SOUTH
898,136,2025-09-15 00:00:00,RETURNED,SOUTH
899,205,2024-05-21 06:19:06,DELIVERED,CENTRAL
900,237,2024-12-10 12:22:48,DELIVERED,CENTRAL
901,53,2025-04-17 16:45:11,DELIVERED,EAST
902,253,2025-05-11 20:31:56,SHIPPED,NORTH
903,330,2024-11-25 07:05:45,SHIPPED,CENTRAL
904,190,2025-01-26 21:02:52,DELIVERED,EAST
905,14,2026-05-07 03:24:37,PLACED,EAST
906,371,2026-07-03 20:11:46,DELIVERED,EAST
907,394,2024-05-15 12:12:49,PLACED,CENTRAL
908,196,2024-10-26 16:51:31,RETURNED,NORTH
909,352,2025-04-13 07:51:19,RETURNED,SOUTH
910,158,2024-03-09 01:23:47,DELIVERED,EAST
911,574,2025-06-23 13:45:22,DELIVERED,NORTH
912,70,2026-01-20 00:51:26,RETURNED,CENTRAL
913,171,2026-07-19 18:04:03,RETURNED,EAST
914,,2026-05-29 00:00:00,RETURNED,SOUTH
915,408,2026-02-07 23:54:11,CANCELLED,NORTH
916,522,2025-08-19 18:09:56,DELIVERED,CENTRAL
917,189,2024-01-06 14:14:17,SHIPPED,NORTH
918,526,2025-12-08 12:04:14,DELIVERED,EAST
919,226,2025-04-05 09:14:20,DELIVERED,SOUTH
920,547,2025-01-05 01:21:54,DELIVERED,EAST
921,277,2024-03-21 00:48:13,SHIPPED,SOUTH
922,2,2025-06-23 18:19:06,RETURNED,EAST
923,563,2025-02-14 04:03:24,DELIVERED,CENTRAL
924,59,2024-01-17 04:02:43,SHIPPED,EAST
925,17,2026-04-14 19:18:09,CANCELLED,CENTRAL
926,392,2025-02-03 18:31:23,DELIVERED,CENTRAL
927,453,2024-12-08 18:01:10,SHIPPED,WEST
928,238,2025-11-05 01:05:50,RETURNED,NORTH
929,471,2024-10-14 10:20:40,SHIPPED,CENTRAL
930,185,2025-03-14 00:00:00,SHIPPED,SOUTH
931,193,2024-04-17 21:26:14,DELIVERED,WEST
932,413,2024-06-04 16:59:12,PLACED,NORTH
933,387,2025-08-19 00:00:00,CANCELLED,NORTH
934,86,2025-02-19 18:57:24,DELIVERED,NORTH
935,10,2024-06-14 04:36:11,CANCELLED,NORTH
936,492,2026-05-24 08:36:53,CANCELLED,EAST
937,159,2025-01-13 00:00:00,DELIVERED,CENTRAL
938,46,2024-06-08 17:13:57,PLACED,WEST
939,230,2024-02-07 06:49:02,DELIVERED,EAST
940,232,2025-08-20 16:17:19,DELIVERED,NORTH
941,113,2024-12-14 18:48:14,RETURNED,EAST
942,342,2024-07-02 20:26:38,RETURNED,NORTH
943,155,2024-10-03 14:50:52,SHIPPED,SOUTH
944,154,2025-04-13 11:06:43,SHIPPED,NORTH
945,512,2025-07-27 09:30:40,CANCELLED,NORTH
946,153,2024-08-15 17:14:14,DELIVERED,WEST
947,116,2026-06-16 15:32:38,DELIVERED,SOUTH
948,131,2024-10-09 12:41:31,DELIVERED,WEST
949,424,2026-07-23 18:36:33,SHIPPED,SOUTH
950,563,2026-02-11 05:19:00,DELIVERED,CENTRAL
951,394,2024-05-09 21:29:40,DELIVERED,CENTRAL
952,225,2024-05-15 12:55:26,PLACED,NORTH
953,486,2024-07-26 12:41:45,PLACED,EAST
954,143,2025-04-02 19:06:40,CANCELLED,CENTRAL
955,432,2025-01-11 16:57:31,SHIPPED,SOUTH
956,147,2025-08-09 08:45:28,DELIVERED,WEST
957,109,2026-06-22 00:00:00,CANCELLED,SOUTH
958,,2025-07-21 09:17:29,SHIPPED,NORTH
959,427,2024-08-20 13:51:45,DELIVERED,SOUTH
960,307,2025-12-31 09:44:55,SHIPPED,NORTH
961,160,2024-04-03 04:59:30,PLACED,SOUTH
962,12,2025-09-07 18:30:57,DELIVERED,WEST
963,265,2026-06-07 16:08:02,DELIVERED,WEST
964,279,2024-05-22 19:38:31,RETURNED,SOUTH
965,411,2024-03-27 23:42:46,SHIPPED,CENTRAL
966,80,2025-12-28 16:33:48,DELIVERED,WEST
967,169,2024-03-25 22:18:25,DELIVERED,SOUTH
968,107,2024-04-30 20:54:50,DELIVERED,EAST
969,,2025-03-14 09:26:13,PLACED,SOUTH
970,317,2024-10-18 15:35:47,DELIVERED,NORTH
971,88,2026-06-04 15:43:03,DELIVERED,WEST
972,,2025-05-03 00:00:00,SHIPPED,EAST
973,408,2026-02-16 01:24:26,DELIVERED,EAST
974,100,2025-05-29 16:26:14,DELIVERED,NORTH
975,154,2024-02-06 19:03:08,DELIVERED,CENTRAL
976,39,2025-03-26 16:26:04,DELIVERED,NORTH
977,96,2024-12-25 17:33:29,CANCELLED,SOUTH
978,165,2026-02-18 05:44:45,DELIVERED,CENTRAL
979,350,2025-11-26 03:16:16,SHIPPED,EAST
980,442,2024-03-03 03:47:20,DELIVERED,WEST
981,77,2024-08-24 17:56:10,RETURNED,NORTH
982,147,2025-04-25 20:34:25,RETURNED,NORTH
983,466,2025-05-02 08:16:51,SHIPPED,NORTH
984,373,2025-07-02 00:00:00,SHIPPED,WEST
985,485,2025-02-01 17:21:08,DELIVERED,SOUTH
986,583,2026-01-28 00:00:00,CANCELLED,WEST
987,133,2025-11-15 19:14:49,CANCELLED,EAST
988,424,2026-02-24 22:54:03,CANCELLED,NORTH
989,59,2025-01-15 07:25:52,DELIVERED,SOUTH
990,298,2025-08-06 19:38:53,DELIVERED,NORTH
991,474,2024-05-25 06:02:56,DELIVERED,CENTRAL
992,477,2024-06-18 00:00:00,DELIVERED,WEST
993,205,2025-09-15 17:46:05,SHIPPED,CENTRAL
994,488,2024-06-26 14:23:54,PLACED,SOUTH
995,150,2024-11-27 14:44:37,PLACED,CENTRAL
996,64,2025-07-15 13:25:36,RETURNED,SOUTH
997,24,2025-10-18 23:36:48,DELIVERED,NORTH
998,281,2025-09-21 00:00:00,CANCELLED,WEST
999,538,2024-11-28 14:24:33,SHIPPED,NORTH
1000,439,2025-06-15 07:23:52,SHIPPED,SOUTH
1001,430,2026-01-18 04:17:27,DELIVERED,SOUTH
1002,448,2025-07-04 23:53:24,DELIVERED,NORTH
1003,204,2024-04-30 20:55:08,DELIVERED,SOUTH
1004,325,2024-01-23 00:55:17,DELIVERED,SOUTH
1005,325,2024-06-25 11:34:16,DELIVERED,EAST
1006,4,2025-11-30 22:03:20,CANCELLED,WEST
1007,593,2024-05-31 00:00:00,DELIVERED,SOUTH
1008,560,2024-09-15 00:41:42,SHIPPED,SOUTH
1009,591,2024-01-23 07:47:25,DELIVERED,EAST
1010,515,2024-07-12 18:50:37,DELIVERED,WEST
1011,361,2025-07-01 03:23:09,DELIVERED,EAST
1012,181,2025-12-13 18:10:56,SHIPPED,CENTRAL
1013,447,2025-08-15 17:42:42,DELIVERED,WEST
1014,102,2024-05-16 02:43:01,PLACED,NORTH
1015,422,2024-06-10 01:17:43,DELIVERED,CENTRAL
1016,455,2026-02-20 22:40:39,PLACED,EAST
1017,217,2024-12-12 05:32:42,DELIVERED,NORTH
1018,481,2024-07-12 07:28:49,DELIVERED,WEST
1019,406,2024-01-12 19:32:23,DELIVERED,CENTRAL
1020,271,2025-04-22 12:34:44,DELIVERED,WEST
1021,5,2025-10-05 00:00:00,PLACED,EAST
1022,532,2026-07-20 23:35:45,SHIPPED,CENTRAL
1023,248,2026-05-13 07:28:23,SHIPPED,WEST
1024,592,2025-10-28 14:05:55,DELIVERED,SOUTH
1025,326,2026-03-14 13:29:14,SHIPPED,SOUTH
1026,591,2025-08-31 23:16:23,DELIVERED,EAST
1027,163,2025-05-15 20:06:57,PLACED,WEST
1028,,2026-07-10 15:23:13,DELIVERED,CENTRAL
1029,81,2026-06-07 06:01:09,DELIVERED,SOUTH
1030,367,2024-10-16 19:16:51,CANCELLED,EAST
1031,252,2025-08-10 08:50:56,DELIVERED,EAST
1032,148,2024-02-05 22:45:08,DELIVERED,NORTH
1033,126,2024-06-15 08:06:25,SHIPPED,SOUTH
1034,507,2025-07-15 09:52:06,SHIPPED,NORTH
1035,23,2025-10-04 00:00:00,RETURNED,NORTH
1036,430,2025-08-05 22:29:48,DELIVERED,WEST
1037,185,2025-04-09 00:00:00,SHIPPED,CENTRAL
1038,33,2024-07-01 01:47:55,RETURNED,WEST
1039,560,2024-01-08 18:57:22,DELIVERED,NORTH
1040,31,2026-04-12 00:00:00,DELIVERED,SOUTH
1041,374,2024-06-27 07:37:25,PLACED,SOUTH
1042,130,2025-02-19 16:29:53,SHIPPED,NORTH
1043,565,2025-04-02 05:04:39,CANCELLED,WEST
1044,410,2024-10-26 21:35:01,SHIPPED,EAST
1045,106,2026-06-25 15:59:02,DELIVERED,SOUTH
1046,500,2025-11-04 08:59:42,DELIVERED,EAST
1047,111,2025-08-18 00:59:03,DELIVERED,EAST
1048,66,2025-11-29 02:58:21,PLACED,CENTRAL
1049,420,2025-03-31 21:29:12,CANCELLED,CENTRAL
1050,31,2024-06-27 02:27:36,SHIPPED,SOUTH
1051,75,2024-11-30 06:38:49,DELIVERED,EAST
1052,327,2024-01-17 22:25:10,SHIPPED,CENTRAL
1053,239,2026-05-22 00:00:00,SHIPPED,SOUTH
1054,106,2026-05-21 10:03:22,DELIVERED,NORTH
1055,432,2025-11-07 01:38:22,SHIPPED,SOUTH
1056,,2026-02-06 07:12:14,RETURNED,WEST
1057,464,2024-09-22 20:33:05,DELIVERED,SOUTH
1058,292,2024-01-28 16:59:07,CANCELLED,NORTH
1059,292,2024-07-22 14:11:53,DELIVERED,CENTRAL
1060,41,2025-06-08 02:48:21,PLACED,NORTH
1061,426,2025-04-12 14:01:44,DELIVERED,WEST
1062,321,2026-02-06 02:53:30,DELIVERED,WEST
1063,125,2025-08-03 20:13:44,PLACED,SOUTH
1064,,2024-01-17 03:35:31,RETURNED,WEST
1065,91,2024-10-23 22:56:59,CANCELLED,CENTRAL
1066,54,2025-02-07 09:51:31,PLACED,NORTH
1067,77,2025-02-13 16:27:36,DELIVERED,WEST
1068,175,2024-08-02 00:11:20,PLACED,EAST
1069,599,2025-10-04 00:42:50,DELIVERED,CENTRAL
1070,592,2026-01-12 10:24:11,RETURNED,EAST
1071,495,2024-12-16 00:00:00,DELIVERED,NORTH
1072,249,2024-11-15 20:10:53,PLACED,WEST
1073,14,2024-12-01 18:06:51,DELIVERED,WEST
1074,214,2026-07-06 08:17:48,DELIVERED,EAST
1075,320,2025-12-06 07:09:56,CANCELLED,NORTH
1076,225,2025-07-18 21:37:22,DELIVERED,CENTRAL
1077,410,2024-10-18 00:00:00,DELIVERED,EAST
1078,592,2024-06-07 13:14:05,CANCELLED,NORTH
1079,472,2024-10-17 12:58:30,DELIVERED,CENTRAL
1080,272,2024-07-02 19:31:12,PLACED,WEST
1081,407,2026-02-19 03:00:53,SHIPPED,WEST
1082,101,2024-03-17 07:51:47,DELIVERED,WEST
1083,194,2025-09-17 13:26:59,SHIPPED,CENTRAL
1084,444,2024-06-18 14:41:43,DELIVERED,NORTH
1085,55,2024-02-25 10:32:36,SHIPPED,CENTRAL
1086,232,2025-09-20 11:04:03,PLACED,EAST
1087,176,2024-11-12 05:50:38,SHIPPED,CENTRAL
1088,4,2024-05-26 09:37:03,RETURNED,CENTRAL
1089,313,2025-01-05 16:22:45,DELIVERED,SOUTH
1090,467,2024-08-08 07:56:30,DELIVERED,WEST
1091,182,2025-02-13 20:22:36,SHIPPED,NORTH
1092,486,2026-06-24 00:00:00,CANCELLED,WEST
1093,18,2026-05-31 05:14:11,SHIPPED,SOUTH
1094,172,2024-08-15 17:00:31,PLACED,EAST
1095,360,2026-04-27 17:43:57,DELIVERED,EAST
1096,362,2025-04-12 19:05:25,CANCELLED,CENTRAL
1097,277,2026-03-17 17:14:20,PLACED,WEST
1098,146,2025-07-08 21:10:21,SHIPPED,WEST
1099,92,2024-10-28 02:57:27,DELIVERED,NORTH
1100,558,2025-11-28 21:58:30,CANCELLED,SOUTH
1101,358,2025-05-29 11:52:10,DELIVERED,EAST
1102,43,2026-06-19 05:57:12,SHIPPED,CENTRAL
1103,466,2026-05-30 06:42:23,DELIVERED,EAST
1104,9,2026-02-14 01:20:50,PLACED,SOUTH
1105,297,2026-05-17 00:59:56,SHIPPED,EAST
1106,302,2024-01-25 05:19:36,SHIPPED,CENTRAL
1107,501,2025-04-20 00:00:00,DELIVERED,NORTH
1108,,2024-08-01 22:31:42,SHIPPED,CENTRAL
1109,575,2024-08-28 20:11:55,DELIVERED,SOUTH
1110,202,2025-11-02 04:01:14,PLACED,SOUTH
1111,,2025-07-04 21:38:53,DELIVERED,WEST
1112,101,2025-02-09 20:30:45,DELIVERED,SOUTH
1113,331,2026-06-17 03:38:37,DELIVERED,EAST
1114,568,2024-11-05 22:45:47,PLACED,CENTRAL
1115,473,2026-04-27 22:02:33,DELIVERED,WEST
1116,540,2025-11-17 11:16:32,DELIVERED,EAST
1117,438,2025-12-25 18:20:24,DELIVERED,NORTH
1118,28,2025-10-15 00:00:00,PLACED,EAST
1119,595,2026-03-06 16:27:12,DELIVERED,CENTRAL
1120,55,2025-09-01 23:24:02,DELIVERED,WEST
1121,531,2025-12-15 22:16:23,PLACED,EAST
1122,110,2025-06-02 01:09:51,CANCELLED,CENTRAL
1123,340,2024-04-04 13:12:11,DELIVERED,CENTRAL
1124,55,2024-11-14 13:21:24,DELIVERED,WEST
1125,159,2025-04-12 10:04:28,DELIVERED,NORTH
1126,206,2024-06-27 00:00:00,SHIPPED,NORTH
1127,254,2024-11-13 08:37:10,PLACED,CENTRAL
1128,57,2024-07-08 05:27:31,DELIVERED,SOUTH
1129,560,2025-02-08 07:37:32,DELIVERED,CENTRAL
1130,150,2024-02-03 15:27:51,CANCELLED,SOUTH
1131,560,2024-11-07 05:37:41,SHIPPED,NORTH
1132,505,2025-07-24 15:24:20,DELIVERED,NORTH
1133,436,2024-08-18 00:00:00,DELIVERED,CENTRAL
1134,595,2025-04-15 00:00:00,DELIVERED,CENTRAL
1135,364,2024-08-04 09:36:42,DELIVERED,EAST
1136,,2024-09-02 22:23:36,CANCELLED,CENTRAL
1137,538,2025-08-29 19:31:49,SHIPPED,SOUTH
1138,577,2025-06-11 01:41:17,CANCELLED,SOUTH
1139,311,2025-09-03 00:00:00,CANCELLED,WEST
1140,484,2026-07-30 03:25:09,DELIVERED,CENTRAL
1141,539,2025-02-06 16:38:47,SHIPPED,CENTRAL
1142,414,2024-04-14 00:00:00,CANCELLED,SOUTH
1143,109,2026-02-14 20:14:43,DELIVERED,SOUTH
1144,243,2024-06-12 18:46:57,SHIPPED,WEST
1145,431,2024-04-09 00:00:00,SHIPPED,NORTH
1146,75,2025-11-16 21:22:25,DELIVERED,NORTH
1147,329,2024-06-16 05:53:35,DELIVERED,CENTRAL
1148,201,2025-01-27 05:41:37,DELIVERED,SOUTH
1149,166,2025-11-05 07:02:30,CANCELLED,SOUTH
1150,25,2024-05-29 10:49:26,CANCELLED,NORTH
1151,418,2026-06-01 19:34:27,PLACED,SOUTH
1152,541,2026-02-09 18:45:44,SHIPPED,WEST
1153,366,2026-05-17 21:44:43,CANCELLED,WEST
1154,386,2024-04-20 02:08:10,PLACED,CENTRAL
1155,121,2026-02-13 17:20:24,DELIVERED,EAST
1156,,2025-03-26 08:07:26,SHIPPED,EAST
1157,162,2025-03-23 00:00:00,DELIVERED,CENTRAL
1158,513,2025-04-30 01:07:32,PLACED,NORTH
1159,270,2024-02-16 00:00:00,DELIVERED,SOUTH
1160,61,2024-08-04 09:03:23,CANCELLED,EAST
1161,64,2025-01-01 00:26:45,CANCELLED,CENTRAL
1162,37,2025-06-21 06:03:26,RETURNED,CENTRAL
1163,83,2026-05-06 14:37:24,PLACED,NORTH
1164,509,2026-02-27 12:51:31,DELIVERED,WEST
1165,234,2024-02-03 07:27:45,PLACED,SOUTH
1166,389,2024-01-29 02:37:31,PLACED,WEST
1167,441,2025-10-25 01:30:33,PLACED,NORTH
1168,377,2025-06-30 11:38:53,DELIVERED,NORTH
1169,95,2026-07-03 00:00:00,DELIVERED,CENTRAL
1170,16,2025-01-23 05:46:56,PLACED,SOUTH
1171,290,2024-03-08 21:58:42,DELIVERED,SOUTH
1172,133,2026-07-30 13:56:05,DELIVERED,NORTH
1173,557,2024-11-15 19:03:10,DELIVERED,EAST
1174,226,2025-11-20 00:26:17,RETURNED,CENTRAL
1175,251,2026-03-29 10:10:29,SHIPPED,CENTRAL
1176,56,2025-06-22 11:30:22,DELIVERED,CENTRAL
1177,81,2024-11-12 05:04:40,CANCELLED,CENTRAL
1178,567,2024-11-23 10:03:41,DELIVERED,SOUTH
1179,,2024-12-31 05:21:31,DELIVERED,WEST
1180,22,2026-02-14 00:37:09,SHIPPED,CENTRAL
1181,87,2024-04-02 18:31:28,DELIVERED,WEST
1182,,2025-08-17 07:55:16,PLACED,SOUTH
1183,442,2026-04-07 00:00:00,SHIPPED,CENTRAL
1184,27,2025-06-06 07:07:35,RETURNED,CENTRAL
1185,29,2025-06-13 15:19:40,DELIVERED,WEST
1186,59,2024-06-18 15:39:05,RETURNED,EAST
1187,548,2025-12-21 00:37:37,DELIVERED,CENTRAL
1188,391,2025-12-26 23:25:02,RETURNED,SOUTH
1189,288,2025-03-02 00:00:00,SHIPPED,CENTRAL
1190,585,2025-09-04 00:00:00,SHIPPED,EAST
1191,13,2024-07-12 02:28:44,DELIVERED,EAST
1192,455,2025-12-19 00:00:00,PLACED,NORTH
1193,492,2026-05-14 15:51:56,PLACED,NORTH
1194,565,2025-05-02 19:45:27,DELIVERED,EAST
1195,283,2025-02-07 04:22:56,PLACED,SOUTH
1196,51,2024-12-27 10:39:28,PLACED,CENTRAL
1197,594,2025-05-07 00:00:00,DELIVERED,NORTH
1198,266,2025-02-03 00:00:00,CANCELLED,EAST
1199,46,2026-07-21 23:12:07,PLACED,CENTRAL
1200,524,2024-04-30 07:33:13,SHIPPED,EAST
1201,426,2024-04-20 21:43:49,CANCELLED,SOUTH
1202,,2026-07-31 21:21:36,SHIPPED,WEST
1203,384,2026-01-01 04:24:35,SHIPPED,NORTH
1204,46,2025-03-27 20:31:03,RETURNED,NORTH
1205,217,2025-05-01 09:25:44,DELIVERED,CENTRAL
1206,353,2024-11-29 18:53:11,DELIVERED,SOUTH
1207,81,2024-04-30 02:22:45,RETURNED,CENTRAL
1208,589,2026-05-01 15:36:31,DELIVERED,NORTH
1209,541,2024-03-20 21:30:19,DELIVERED,CENTRAL
1210,276,2024-10-29 23:00:23,SHIPPED,SOUTH
1211,371,2024-12-24 16:13:45,DELIVERED,NORTH
1212,456,2025-09-28 19:08:31,DELIVERED,CENTRAL
1213,371,2026-01-22 02:35:19,DELIVERED,WEST
1214,129,2026-04-15 03:46:24,RETURNED,CENTRAL
1215,267,2025-03-21 15:51:18,PLACED,WEST
1216,152,2026-06-13 19:16:28,CANCELLED,SOUTH
1217,465,2024-01-25 02:20:19,DELIVERED,CENTRAL
1218,482,2024-06-05 21:22:49,PLACED,WEST
1219,,2024-09-16 07:48:41,PLACED,CENTRAL
1220,433,2025-07-04 11:47:17,DELIVERED,SOUTH
1221,122,2025-06-07 05:07:23,CANCELLED,CENTRAL
1222,111,2024-03-11 00:00:00,RETURNED,WEST
1223,461,2025-11-07 19:42:21,DELIVERED,SOUTH
1224,522,2024-05-10 03:53:55,PLACED,CENTRAL
1225,465,2025-08-12 08:06:34,SHIPPED,CENTRAL
1226,100,2024-12-26 19:24:45,SHIPPED,CENTRAL
1227,538,2026-06-19 17:33:44,RETURNED,EAST
1228,327,2024-10-04 03:49:24,PLACED,SOUTH
1229,285,2026-06-12 10:41:31,SHIPPED,EAST
1230,122,2025-03-23 03:34:15,DELIVERED,SOUTH
1231,266,2026-07-30 15:39:44,RETURNED,EAST
1232,212,2026-05-07 18:08:42,DELIVERED,NORTH
1233,41,2026-04-18 14:18:42,SHIPPED,WEST
1234,27,2025-07-28 01:28:14,RETURNED,CENTRAL
1235,456,2026-03-20 04:19:55,DELIVERED,NORTH
1236,123,2025-11-21 08:37:17,DELIVERED,NORTH
1237,286,2024-06-29 22:02:30,CANCELLED,SOUTH
1238,335,2024-08-31 11:12:47,SHIPPED,CENTRAL
1239,76,2025-05-04 00:57:52,PLACED,NORTH
1240,534,2025-05-08 06:16:19,DELIVERED,NORTH
1241,9,2025-01-17 00:19:42,DELIVERED,SOUTH
1242,272,2025-12-31 07:10:22,CANCELLED,WEST
1243,204,2024-05-17 19:24:43,CANCELLED,SOUTH
1244,,2024-04-14 11:40:54,DELIVERED,SOUTH
1245,,2025-02-12 16:06:09,DELIVERED,SOUTH
1246,496,2026-04-04 01:01:28,SHIPPED,EAST
1247,300,2026-01-23 12:20:44,DELIVERED,CENTRAL
1248,493,2025-04-03 00:00:00,PLACED,EAST
1249,458,2025-05-20 11:40:52,DELIVERED,SOUTH
1250,327,2024-06-25 08:56:23,DELIVERED,SOUTH
1251,496,2026-01-29 21:44:33,DELIVERED,NORTH
1252,520,2024-11-30 03:44:21,DELIVERED,NORTH
1253,331,2025-02-10 09:21:02,DELIVERED,WEST
1254,267,2024-03-25 20:52:46,DELIVERED,EAST
1255,47,2025-04-24 06:06:38,SHIPPED,SOUTH
1256,113,2025-05-27 03:31:01,DELIVERED,NORTH
1257,93,2025-06-01 17:52:48,DELIVERED,CENTRAL
1258,51,2026-03-16 16:38:10,DELIVERED,SOUTH
1259,406,2024-12-22 06:12:31,SHIPPED,EAST
1260,221,2026-05-08 23:30:49,RETURNED,NORTH
1261,540,2024-06-08 06:14:59,DELIVERED,NORTH
1262,309,2024-02-07 15:53:43,DELIVERED,SOUTH
1263,,2024-07-11 01:44:19,DELIVERED,WEST
1264,277,2024-05-11 00:00:00,DELIVERED,WEST
1265,,2026-04-21 11:57:48,SHIPPED,CENTRAL
1266,199,2026-07-29 21:49:07,DELIVERED,WEST
1267,24,2025-04-14 09:07:00,SHIPPED,EAST
1268,591,2026-01-02 07:04:44,DELIVERED,SOUTH
1269,575,2025-03-08 17:23:28,RETURNED,CENTRAL
1270,392,2024-01-27 17:43:46,DELIVERED,EAST
1271,111,2025-12-03 13:51:39,RETURNED,WEST
1272,458,2025-07-28 11:56:58,PLACED,EAST
1273,86,2024-05-28 04:21:39,SHIPPED,WEST
1274,86,2024-08-07 13:11:07,CANCELLED,CENTRAL
1275,581,2024-12-27 00:00:00,DELIVERED,WEST
1276,346,2024-08-21 00:00:00,DELIVERED,CENTRAL
1277,6,2025-02-20 13:09:58,DELIVERED,WEST
1278,321,2025-01-01 04:59:58,DELIVERED,CENTRAL
1279,84,2024-06-12 04:19:10,PLACED,SOUTH
1280,166,2026-03-18 16:43:53,SHIPPED,WEST
1281,117,2024-03-01 16:20:05,DELIVERED,CENTRAL
1282,561,2025-10-11 13:39:46,SHIPPED,WEST
1283,278,2026-03-22 15:28:12,CANCELLED,CENTRAL
1284,145,2025-03-26 19:19:12,SHIPPED,CENTRAL
1285,381,2026-03-17 19:52:54,DELIVERED,SOUTH
1286,139,2024-09-12 03:14:39,CANCELLED,NORTH
1287,184,2024-08-21 13:25:11,RETURNED,NORTH
1288,193,2024-11-05 13:14:09,DELIVERED,EAST
1289,480,2026-07-12 10:52:07,DELIVERED,CENTRAL
1290,354,2024-01-22 22:47:07,SHIPPED,WEST
1291,314,2025-07-24 12:59:49,DELIVERED,EAST
1292,208,2024-04-30 08:31:09,PLACED,SOUTH
1293,270,2026-05-25 14:45:33,DELIVERED,CENTRAL
1294,393,2025-05-27 21:15:50,CANCELLED,CENTRAL
1295,485,2024-11-21 03:31:11,DELIVERED,SOUTH
1296,151,2024-08-10 15:51:14,CANCELLED,EAST
1297,54,2024-07-31 18:47:43,DELIVERED,WEST
1298,513,2024-07-01 05:07:49,DELIVERED,WEST
1299,364,2025-04-29 07:19:24,SHIPPED,NORTH
1300,220,2024-09-15 01:15:53,CANCELLED,SOUTH
1301,574,2025-11-17 01:47:12,DELIVERED,NORTH
1302,446,2025-06-24 21:06:34,CANCELLED,WEST
1303,355,2025-10-20 18:46:16,DELIVERED,SOUTH
1304,184,2024-01-17 13:53:48,DELIVERED,SOUTH
1305,,2025-04-27 04:12:14,RETURNED,EAST
1306,14,2026-07-31 14:11:23,DELIVERED,WEST
1307,260,2025-03-01 21:56:28,RETURNED,NORTH
1308,483,2025-12-07 00:16:09,DELIVERED,CENTRAL
1309,40,2025-07-28 00:00:00,CANCELLED,SOUTH
1310,182,2024-07-23 00:00:00,CANCELLED,NORTH
1311,64,2025-05-03 00:00:00,DELIVERED,SOUTH
1312,18,2025-05-31 18:38:58,CANCELLED,EAST
1313,174,2026-06-30 15:15:36,DELIVERED,NORTH
1314,413,2025-10-08 19:43:26,DELIVERED,NORTH
1315,514,2024-08-17 03:43:06,PLACED,WEST
1316,,2024-11-04 15:27:14,DELIVERED,NORTH
1317,575,2025-06-28 18:28:34,DELIVERED,NORTH
1318,475,2024-05-16 22:54:57,PLACED,NORTH
1319,21,2024-09-20 01:17:51,SHIPPED,EAST
1320,253,2025-04-23 02:57:23,DELIVERED,SOUTH
1321,136,2025-04-27 00:00:00,DELIVERED,SOUTH
1322,579,2025-05-05 04:13:13,CANCELLED,EAST
1323,182,2025-04-03 03:52:29,DELIVERED,NORTH
1324,593,2025-07-18 20:28:57,DELIVERED,WEST
1325,175,2024-02-27 01:26:03,DELIVERED,SOUTH
1326,216,2025-11-04 23:13:37,CANCELLED,EAST
1327,516,2026-05-06 21:33:22,DELIVERED,NORTH
1328,216,2025-02-05 02:54:36,SHIPPED,NORTH
1329,191,2026-01-08 05:06:22,DELIVERED,EAST
1330,35,2025-05-15 18:54:03,DELIVERED,NORTH
1331,487,2025-06-03 22:59:08,RETURNED,SOUTH
1332,314,2024-09-09 19:35:50,SHIPPED,NORTH
1333,468,2026-07-11 02:04:14,DELIVERED,WEST
1334,250,2025-01-27 08:40:11,DELIVERED,WEST
1335,308,2024-03-03 08:06:58,CANCELLED,CENTRAL
1336,437,2025-02-22 10:30:18,DELIVERED,NORTH
1337,171,2025-04-11 22:32:15,RETURNED,CENTRAL
1338,582,2024-08-04 18:46:17,SHIPPED,NORTH
1339,317,2024-08-07 18:02:46,DELIVERED,SOUTH
1340,152,2024-11-07 07:41:49,SHIPPED,NORTH
1341,209,2025-11-09 00:00:00,SHIPPED,CENTRAL
1342,384,2024-01-08 16:21:17,SHIPPED,WEST
1343,404,2024-11-26 02:16:16,DELIVERED,WEST
1344,99,2025-08-25 01:48:10,DELIVERED,SOUTH
1345,335,2025-03-15 22:15:35,DELIVERED,WEST
1346,547,2024-04-21 07:33:32,DELIVERED,CENTRAL
1347,,2024-10-03 18:17:14,DELIVERED,EAST
1348,2,2026-07-19 18:41:01,RETURNED,SOUTH
1349,193,2024-03-09 17:40:55,DELIVERED,EAST
1350,185,2025-10-23 07:40:06,SHIPPED,WEST
1351,,2025-10-17 03:29:27,DELIVERED,CENTRAL
1352,477,2024-05-08 09:03:36,DELIVERED,WEST
1353,13,2024-09-06 22:10:55,DELIVERED,WEST
1354,12,2026-01-25 04:35:23,DELIVERED,WEST
1355,311,2025-10-22 04:26:51,DELIVERED,CENTRAL
1356,462,2026-02-18 22:12:45,DELIVERED,EAST
1357,374,2024-06-22 11:26:20,RETURNED,CENTRAL
1358,82,2024-08-21 00:00:00,RETURNED,CENTRAL
1359,528,2025-12-07 19:13:58,DELIVERED,NORTH
1360,502,2025-12-15 23:23:25,CANCELLED,EAST
1361,346,2025-04-05 01:03:55,PLACED,EAST
1362,366,2025-10-09 00:00:00,SHIPPED,NORTH
1363,366,2024-02-26 21:00:26,DELIVERED,SOUTH
1364,97,2024-07-14 19:39:25,DELIVERED,WEST
1365,354,2025-12-12 12:37:43,SHIPPED,CENTRAL
1366,42,2024-04-28 21:28:27,PLACED,CENTRAL
1367,104,2025-08-16 06:44:54,DELIVERED,EAST
1368,310,2025-10-18 09:03:24,SHIPPED,EAST
1369,82,2025-11-04 07:38:18,DELIVERED,CENTRAL
1370,311,2026-03-09 12:47:03,DELIVERED,NORTH
1371,485,2024-11-30 07:34:58,DELIVERED,SOUTH
1372,47,2026-07-28 05:57:47,SHIPPED,EAST
1373,417,2024-11-17 00:00:00,DELIVERED,SOUTH
1374,474,2026-07-19 15:18:02,DELIVERED,NORTH
1375,19,2025-05-19 06:17:40,DELIVERED,CENTRAL
1376,431,2026-07-13 15:48:40,DELIVERED,CENTRAL
1377,,2025-06-13 02:20:18,CANCELLED,SOUTH
1378,511,2024-11-23 05:07:52,SHIPPED,WEST
1379,34,2026-06-06 12:06:11,DELIVERED,CENTRAL
1380,86,2024-11-18 10:04:10,DELIVERED,EAST
1381,323,2025-12-02 09:06:34,PLACED,CENTRAL
1382,361,2026-05-27 12:42:59,RETURNED,NORTH
1383,291,2026-05-14 09:34:03,RETURNED,WEST
1384,135,2025-08-10 20:50:59,CANCELLED,NORTH
1385,217,2024-06-20 20:41:18,SHIPPED,SOUTH
1386,411,2026-05-04 12:06:33,DELIVERED,WEST
1387,286,2025-05-11 04:13:31,DELIVERED,EAST
1388,546,2025-09-01 05:16:58,DELIVERED,WEST
1389,461,2024-08-31 20:11:01,SHIPPED,EAST
1390,,2025-06-02 22:28:02,DELIVERED,NORTH
1391,429,2025-10-11 18:13:12,DELIVERED,CENTRAL
1392,516,2024-05-05 01:28:27,DELIVERED,NORTH
1393,256,2024-09-15 14:02:11,DELIVERED,NORTH
1394,24,2026-07-23 03:40:35,DELIVERED,CENTRAL
1395,198,2024-09-07 16:39:19,DELIVERED,SOUTH
1396,205,2025-05-16 08:01:49,PLACED,NORTH
1397,473,2025-12-14 07:57:11,DELIVERED,SOUTH
1398,473,2026-02-16 01:21:52,CANCELLED,EAST
1399,164,2025-01-15 09:10:16,RETURNED,NORTH
1400,417,2026-03-18 10:20:14,CANCELLED,NORTH
1401,267,2026-04-14 17:32:28,DELIVERED,CENTRAL
1402,450,2026-01-16 21:48:18,PLACED,WEST
1403,41,2025-07-18 11:32:14,RETURNED,WEST
1404,128,2024-06-09 23:20:45,SHIPPED,CENTRAL
1405,115,2024-09-19 11:02:30,DELIVERED,SOUTH
1406,495,2024-11-22 08:32:09,SHIPPED,NORTH
1407,504,2025-01-15 04:08:15,SHIPPED,WEST
1408,462,2025-02-04 16:01:12,DELIVERED,SOUTH
1409,296,2024-02-10 07:07:53,DELIVERED,EAST
1410,315,2024-09-02 21:56:34,SHIPPED,WEST
1411,159,2024-07-18 16:48:23,SHIPPED,WEST
1412,234,2024-02-13 12:05:27,DELIVERED,SOUTH
1413,266,2025-07-19 16:56:08,DELIVERED,CENTRAL
1414,175,2025-06-18 17:12:39,DELIVERED,CENTRAL
1415,384,2025-08-10 04:04:07,DELIVERED,SOUTH
1416,494,2024-09-29 10:54:52,DELIVERED,NORTH
1417,317,2024-11-16 16:14:26,SHIPPED,NORTH
1418,366,2026-02-13 20:14:53,RETURNED,NORTH
1419,537,2024-12-20 18:17:59,DELIVERED,NORTH
1420,102,2025-05-26 21:12:45,SHIPPED,CENTRAL
1421,551,2024-05-03 10:00:34,PLACED,CENTRAL
1422,251,2025-02-01 19:03:31,SHIPPED,SOUTH
1423,468,2024-10-02 00:00:00,DELIVERED,CENTRAL
1424,195,2024-04-08 21:44:59,PLACED,EAST
1425,234,2025-01-13 22:45:52,DELIVERED,WEST
1426,53,2025-05-10 07:54:01,PLACED,WEST
1427,86,2026-01-09 11:54:04,DELIVERED,SOUTH
1428,308,2026-06-03 00:00:00,DELIVERED,NORTH
1429,454,2024-10-29 14:37:27,DELIVERED,WEST
1430,258,2025-09-24 12:21:20,DELIVERED,SOUTH
1431,495,2026-03-09 18:46:27,DELIVERED,EAST
1432,255,2025-06-13 22:42:22,DELIVERED,EAST
1433,115,2024-10-10 00:10:23,SHIPPED,CENTRAL
1434,168,2024-10-04 00:00:00,DELIVERED,EAST
1435,454,2025-06-15 22:46:47,DELIVERED,SOUTH
1436,112,2024-12-26 02:14:05,DELIVERED,EAST
1437,484,2024-06-08 21:01:41,RETURNED,SOUTH
1438,159,2025-05-17 22:51:00,DELIVERED,SOUTH
1439,161,2025-05-20 22:16:38,RETURNED,CENTRAL
1440,276,2024-12-21 07:26:01,DELIVERED,EAST
1441,314,2025-06-02 10:03:50,CANCELLED,EAST
1442,436,2026-05-25 00:50:21,DELIVERED,WEST
1443,419,2025-07-03 07:36:33,PLACED,WEST
1444,20,2024-11-10 03:03:02,DELIVERED,EAST
1445,25,2025-05-14 23:16:51,DELIVERED,CENTRAL
1446,205,2024-11-29 23:01:47,DELIVERED,EAST
1447,249,2024-09-06 04:48:52,DELIVERED,CENTRAL
1448,48,2025-08-28 22:36:11,RETURNED,WEST
1449,385,2024-04-02 03:29:29,DELIVERED,EAST
1450,449,2025-03-17 13:03:40,PLACED,NORTH
1451,424,2024-08-23 18:29:31,DELIVERED,CENTRAL
1452,91,2025-11-11 19:33:42,DELIVERED,EAST
1453,299,2024-02-03 22:41:40,DELIVERED,EAST
1454,370,2025-11-23 14:08:01,SHIPPED,EAST
1455,472,2025-07-16 15:56:10,DELIVERED,EAST
1456,24,2024-08-05 21:38:32,DELIVERED,WEST
1457,50,2026-03-31 00:00:00,RETURNED,EAST
1458,,2025-11-10 04:15:18,RETURNED,EAST
1459,504,2025-03-15 01:49:20,DELIVERED,NORTH
1460,572,2024-06-23 12:08:58,DELIVERED,NORTH
1461,480,2024-10-23 12:48:00,DELIVERED,WEST
1462,477,2025-12-02 01:15:28,RETURNED,SOUTH
1463,75,2024-10-09 05:17:27,SHIPPED,CENTRAL
1464,443,2024-02-03 08:57:50,SHIPPED,CENTRAL
1465,20,2024-01-14 06:18:58,DELIVERED,EAST
1466,599,2025-05-22 09:14:57,DELIVERED,SOUTH
1467,589,2025-07-04 22:08:07,DELIVERED,CENTRAL
1468,152,2024-11-16 05:36:42,PLACED,CENTRAL
1469,41,2024-07-16 18:57:56,RETURNED,EAST
1470,236,2024-11-20 08:53:55,SHIPPED,EAST
1471,223,2025-07-06 00:00:00,CANCELLED,WEST
1472,385,2024-02-09 11:52:16,DELIVERED,SOUTH
1473,458,2025-11-12 06:12:42,SHIPPED,WEST
1474,128,2024-05-24 05:45:59,DELIVERED,CENTRAL
1475,125,2024-09-10 00:43:05,PLACED,WEST
1476,367,2025-05-07 06:07:37,SHIPPED,NORTH
1477,369,2026-01-12 12:20:49,PLACED,WEST
1478,,2025-08-13 08:30:46,DELIVERED,NORTH
1479,318,2024-04-11 10:46:09,CANCELLED,EAST
1480,87,2025-08-28 08:33:17,PLACED,EAST
1481,332,2024-03-11 11:29:50,SHIPPED,CENTRAL
1482,,2026-03-16 15:37:49,DELIVERED,NORTH
1483,215,2025-03-31 06:59:06,DELIVERED,SOUTH
1484,179,2026-03-16 14:47:50,DELIVERED,SOUTH
1485,113,2024-09-09 00:00:00,SHIPPED,WEST
1486,272,2025-05-13 00:00:00,PLACED,NORTH
1487,36,2024-08-12 05:24:55,PLACED,WEST
1488,538,2024-09-20 16:22:28,PLACED,SOUTH
1489,68,2024-06-23 14:58:13,DELIVERED,WEST
1490,550,2025-11-15 03:53:32,DELIVERED,NORTH
1491,481,2025-02-03 00:29:43,DELIVERED,EAST
1492,99,2026-01-12 05:17:47,CANCELLED,CENTRAL
1493,225,2026-03-10 14:40:32,RETURNED,SOUTH
1494,98,2025-09-19 08:11:30,DELIVERED,SOUTH
1495,190,2025-04-12 18:07:31,RETURNED,CENTRAL
1496,592,2025-02-18 08:15:40,PLACED,WEST
1497,149,2026-06-19 00:25:31,CANCELLED,WEST
1498,203,2024-10-09 00:00:00,DELIVERED,SOUTH
1499,331,2024-01-19 04:40:26,DELIVERED,EAST
1500,592,2025-09-22 03:59:01,SHIPPED,CENTRAL
1501,451,2024-07-02 00:36:55,DELIVERED,CENTRAL
1502,346,2024-10-16 10:29:26,CANCELLED,WEST
1503,468,2024-05-29 21:54:28,SHIPPED,CENTRAL
1504,375,2025-10-24 13:36:49,RETURNED,SOUTH
1505,469,2024-06-21 15:29:11,DELIVERED,SOUTH
1506,315,2025-12-04 00:50:22,RETURNED,NORTH
1507,517,2024-10-10 16:16:58,RETURNED,CENTRAL
1508,228,2024-01-26 23:20:18,DELIVERED,CENTRAL
1509,156,2026-05-24 09:47:57,DELIVERED,CENTRAL
1510,236,2026-04-04 16:16:15,SHIPPED,SOUTH
1511,232,2024-08-24 04:52:30,RETURNED,WEST
1512,286,2024-03-16 23:34:41,RETURNED,EAST
1513,535,2025-10-16 09:51:55,DELIVERED,SOUTH
1514,308,2024-01-01 00:00:00,DELIVERED,EAST
1515,69,2024-04-01 23:57:52,PLACED,WEST
1516,249,2025-08-30 18:25:11,DELIVERED,WEST
1517,255,2025-06-28 00:00:00,RETURNED,EAST
1518,412,2024-07-10 19:20:53,DELIVERED,SOUTH
1519,146,2025-03-03 22:16:37,PLACED,NORTH
1520,537,2024-06-08 09:39:37,DELIVERED,SOUTH
1521,306,2024-07-12 23:17:08,DELIVERED,SOUTH
1522,350,2025-02-26 16:43:37,PLACED,EAST
1523,478,2025-10-23 15:05:49,CANCELLED,WEST
1524,231,2026-03-23 04:51:44,RETURNED,CENTRAL
1525,372,2025-01-09 20:02:23,DELIVERED,WEST
1526,108,2025-03-11 06:44:45,DELIVERED,EAST
1527,337,2025-10-13 21:30:46,SHIPPED,EAST
1528,104,2026-01-24 06:34:11,DELIVERED,CENTRAL
1529,273,2024-06-10 12:06:46,CANCELLED,WEST
1530,580,2025-08-06 19:40:20,CANCELLED,WEST
1531,,2024-06-16 10:59:19,DELIVERED,NORTH
1532,121,2025-01-05 16:11:11,DELIVERED,CENTRAL
1533,404,2024-03-02 22:16:19,DELIVERED,WEST
1534,536,2024-02-27 21:45:31,CANCELLED,WEST
1535,27,2024-12-01 14:32:15,PLACED,EAST
1536,423,2024-02-14 01:52:51,CANCELLED,EAST
1537,353,2025-07-01 09:37:14,SHIPPED,WEST
1538,333,2025-12-12 19:06:16,DELIVERED,SOUTH
1539,561,2025-05-15 00:35:56,DELIVERED,SOUTH
1540,92,2025-06-02 11:35:47,DELIVERED,SOUTH
1541,314,2024-06-06 08:40:09,PLACED,WEST
1542,510,2024-10-16 05:44:46,SHIPPED,WEST
1543,449,2025-07-15 12:19:31,RETURNED,EAST
1544,,2024-10-21 19:52:29,RETURNED,CENTRAL
1545,574,2026-04-16 03:34:37,DELIVERED,NORTH
1546,93,2026-07-17 21:54:51,DELIVERED,EAST
1547,349,2026-04-07 17:15:30,PLACED,WEST
1548,301,2026-06-04 15:07:16,SHIPPED,SOUTH
1549,42,2025-01-16 23:57:01,DELIVERED,EAST
1550,,2024-12-14 16:47:45,RETURNED,SOUTH
1551,451,2024-12-01 11:52:27,SHIPPED,NORTH
1552,495,2025-11-12 21:14:17,DELIVERED,CENTRAL
1553,191,2026-03-16 13:44:33,DELIVERED,WEST
1554,373,2025-02-13 10:07:47,DELIVERED,SOUTH
1555,366,2024-04-29 16:16:33,PLACED,SOUTH
1556,593,2024-07-19 00:00:00,RETURNED,CENTRAL
1557,549,2025-05-01 23:33:35,CANCELLED,SOUTH
1558,568,2024-12-13 21:58:32,DELIVERED,NORTH
1559,449,2026-02-11 06:27:34,PLACED,SOUTH
1560,,2025-11-27 16:06:32,PLACED,EAST
1561,152,2024-04-09 01:46:21,PLACED,EAST
1562,29,2026-07-17 13:18:25,DELIVERED,SOUTH
1563,221,2025-12-03 07:56:48,DELIVERED,EAST
1564,584,2026-02-28 01:55:56,PLACED,CENTRAL
1565,323,2024-01-11 12:36:10,PLACED,EAST
1566,73,2024-04-08 20:15:04,DELIVERED,SOUTH
1567,184,2024-10-08 00:00:00,RETURNED,NORTH
1568,97,2025-09-18 21:37:53,RETURNED,WEST
1569,391,2026-01-06 23:11:45,SHIPPED,NORTH
1570,182,2025-10-30 13:01:00,DELIVERED,SOUTH
1571,206,2024-12-18 01:45:33,DELIVERED,NORTH
1572,97,2026-03-24 19:11:15,CANCELLED,NORTH
1573,61,2025-08-02 00:00:00,PLACED,CENTRAL
1574,,2025-05-22 18:12:41,PLACED,CENTRAL
1575,72,2024-09-24 19:16:31,DELIVERED,SOUTH
1576,354,2024-05-30 15:08:46,RETURNED,CENTRAL
1577,182,2025-11-15 14:23:48,CANCELLED,SOUTH
1578,456,2024-02-17 03:13:09,RETURNED,NORTH
1579,320,2025-03-28 17:19:59,DELIVERED,CENTRAL
1580,103,2026-02-12 01:46:33,SHIPPED,CENTRAL
1581,466,2026-05-01 06:11:28,DELIVERED,NORTH
1582,68,2025-06-09 14:22:35,PLACED,WEST
1583,414,2024-03-05 14:36:07,RETURNED,WEST
1584,102,2026-03-18 00:00:00,DELIVERED,CENTRAL
1585,545,2026-03-21 09:22:20,DELIVERED,SOUTH
1586,139,2025-11-26 19:05:33,SHIPPED,WEST
1587,387,2024-05-07 23:40:49,DELIVERED,EAST
1588,399,2025-04-20 04:41:18,DELIVERED,EAST
1589,57,2026-03-30 12:29:39,SHIPPED,NORTH
1590,585,2026-04-23 04:34:02,SHIPPED,NORTH
1591,49,2025-04-15 14:38:33,DELIVERED,CENTRAL
1592,445,2026-02-28 17:35:14,SHIPPED,EAST
1593,46,2024-11-29 00:00:00,RETURNED,SOUTH
1594,75,2024-11-12 07:03:54,DELIVERED,CENTRAL
1595,,2025-08-15 14:55:50,DELIVERED,EAST
1596,,2025-01-08 10:17:28,RETURNED,EAST
1597,400,2024-12-20 18:19:07,CANCELLED,NORTH
1598,253,2025-02-05 01:50:43,DELIVERED,CENTRAL
1599,318,2024-11-14 06:20:28,DELIVERED,EAST
1600,11,2025-10-08 01:24:17,DELIVERED,SOUTH
1601,500,2025-01-28 16:23:12,DELIVERED,WEST
1602,,2025-11-28 16:42:47,DELIVERED,NORTH
1603,119,2024-09-03 21:06:35,DELIVERED,SOUTH
1604,172,2025-02-02 10:58:54,DELIVERED,WEST
1605,294,2025-03-18 06:33:54,SHIPPED,NORTH
1606,207,2024-05-14 09:04:04,DELIVERED,SOUTH
1607,37,2025-12-29 11:59:01,PLACED,NORTH
1608,189,2024-05-09 21:07:59,CANCELLED,SOUTH
1609,380,2025-11-11 13:52:15,DELIVERED,NORTH
1610,516,2024-10-20 13:17:26,DELIVERED,NORTH
1611,157,2025-06-14 06:21:24,SHIPPED,SOUTH
1612,206,2024-03-28 15:47:39,SHIPPED,EAST
1613,231,2024-10-12 18:38:37,SHIPPED,WEST
1614,,2025-11-15 00:00:00,SHIPPED,CENTRAL
1615,165,2024-08-10 16:58:36,SHIPPED,NORTH
1616,420,2026-03-15 18:12:13,DELIVERED,SOUTH
1617,330,2025-07-29 00:00:00,RETURNED,SOUTH
1618,,2024-01-06 07:32:32,CANCELLED,CENTRAL
1619,230,2024-02-24 16:10:22,PLACED,WEST
1620,396,2025-03-14 19:11:13,DELIVERED,SOUTH
1621,257,2025-06-20 03:59:05,DELIVERED,WEST
1622,157,2025-12-06 14:40:05,DELIVERED,SOUTH
1623,179,2025-08-26 10:31:54,CANCELLED,EAST
1624,443,2025-04-10 19:30:14,DELIVERED,CENTRAL
1625,412,2024-07-13 05:14:26,DELIVERED,WEST
1626,428,2025-12-16 11:43:27,DELIVERED,WEST
1627,346,2025-05-21 10:34:13,PLACED,CENTRAL
1628,223,2024-10-23 15:41:38,RETURNED,CENTRAL
1629,475,2026-05-01 14:34:58,DELIVERED,EAST
1630,219,2025-09-02 05:44:51,PLACED,WEST
1631,423,2024-03-20 01:09:24,SHIPPED,SOUTH
1632,530,2025-11-01 18:04:03,DELIVERED,SOUTH
1633,177,2025-02-28 14:06:26,DELIVERED,SOUTH
1634,589,2024-11-03 06:52:55,SHIPPED,SOUTH
1635,134,2026-01-26 00:55:53,RETURNED,CENTRAL
1636,37,2024-05-30 18:49:51,PLACED,NORTH
1637,55,2025-05-29 23:32:15,SHIPPED,EAST
1638,155,2024-11-26 21:39:27,PLACED,CENTRAL
1639,598,2025-11-24 19:05:22,DELIVERED,EAST
1640,576,2024-09-05 06:14:17,SHIPPED,WEST
1641,420,2024-09-02 21:07:18,DELIVERED,EAST
1642,256,2024-06-25 02:23:00,PLACED,WEST
1643,41,2024-07-29 15:29:14,DELIVERED,WEST
1644,21,2026-06-29 14:12:06,CANCELLED,WEST
1645,187,2025-11-25 21:47:54,RETURNED,CENTRAL
1646,348,2024-05-12 01:25:17,PLACED,SOUTH
1647,404,2024-08-20 05:14:31,RETURNED,SOUTH
1648,329,2025-03-30 03:34:40,RETURNED,NORTH
1649,507,2024-01-25 18:51:55,DELIVERED,SOUTH
1650,259,2024-10-25 07:08:30,RETURNED,NORTH
1651,171,2024-03-21 19:06:47,DELIVERED,EAST
1652,444,2025-06-08 00:00:00,DELIVERED,WEST
1653,341,2026-05-06 00:00:00,CANCELLED,CENTRAL
1654,,2026-06-10 00:00:00,DELIVERED,WEST
1655,37,2025-02-23 20:54:22,SHIPPED,CENTRAL
1656,435,2025-09-24 13:19:52,PLACED,EAST
1657,566,2024-10-26 15:57:40,SHIPPED,WEST
1658,87,2025-05-09 22:47:16,CANCELLED,NORTH
1659,110,2025-01-12 00:00:00,DELIVERED,SOUTH
1660,243,2024-05-15 18:01:34,PLACED,NORTH
1661,350,2024-04-19 08:03:36,DELIVERED,WEST
1662,339,2024-06-13 09:43:49,PLACED,SOUTH
1663,84,2024-10-15 00:00:00,RETURNED,NORTH
1664,239,2024-11-22 00:00:00,PLACED,EAST
1665,198,2026-01-09 12:12:38,DELIVERED,WEST
1666,191,2025-12-29 21:26:01,DELIVERED,NORTH
1667,520,2024-01-10 00:00:00,RETURNED,EAST
1668,556,2026-06-12 21:44:14,DELIVERED,NORTH
1669,330,2024-12-19 17:51:03,DELIVERED,CENTRAL
1670,423,2026-02-26 01:26:49,SHIPPED,EAST
1671,247,2026-04-04 00:00:00,CANCELLED,EAST
1672,166,2024-04-10 00:00:00,DELIVERED,NORTH
1673,441,2024-05-04 04:48:43,CANCELLED,WEST
1674,,2024-05-17 01:30:56,DELIVERED,EAST
1675,68,2026-06-03 05:21:22,CANCELLED,WEST
1676,492,2025-07-29 11:07:50,DELIVERED,EAST
1677,195,2024-12-20 08:37:04,PLACED,EAST
1678,473,2025-05-18 21:18:25,CANCELLED,WEST
1679,476,2025-12-03 10:21:30,DELIVERED,WEST
1680,26,2024-08-04 14:24:09,DELIVERED,SOUTH
1681,15,2025-11-05 18:54:26,DELIVERED,SOUTH
1682,189,2024-12-03 00:00:00,DELIVERED,SOUTH
1683,203,2024-02-03 16:18:50,SHIPPED,CENTRAL
1684,195,2026-01-25 19:19:51,DELIVERED,WEST
1685,164,2026-01-27 01:25:54,PLACED,NORTH
1686,332,2026-01-10 12:40:24,PLACED,CENTRAL
1687,222,2025-10-08 18:28:55,RETURNED,SOUTH
1688,319,2025-10-28 10:11:00,DELIVERED,CENTRAL
1689,383,2024-07-18 01:09:49,RETURNED,NORTH
1690,,2025-07-28 18:55:02,SHIPPED,EAST
1691,321,2026-01-09 17:33:48,DELIVERED,CENTRAL
1692,200,2024-07-16 11:51:21,DELIVERED,CENTRAL
1693,235,2026-07-09 22:28:57,CANCELLED,SOUTH
1694,482,2024-01-31 03:11:00,CANCELLED,WEST
1695,330,2024-05-06 07:22:10,DELIVERED,EAST
1696,399,2024-10-27 02:20:11,SHIPPED,SOUTH
1697,61,2026-01-05 22:33:57,DELIVERED,EAST
1698,495,2026-05-22 20:19:35,SHIPPED,EAST
1699,322,2026-07-28 11:29:52,SHIPPED,SOUTH
1700,124,2025-04-04 05:29:47,DELIVERED,SOUTH
1701,517,2025-03-14 18:43:57,DELIVERED,NORTH
1702,210,2024-08-11 18:55:52,PLACED,WEST
1703,477,2024-08-17 07:28:35,DELIVERED,SOUTH
1704,322,2024-06-16 09:01:11,DELIVERED,SOUTH
1705,465,2025-03-18 08:43:33,PLACED,NORTH
1706,335,2026-05-08 09:29:37,PLACED,WEST
1707,445,2025-05-18 03:16:45,SHIPPED,NORTH
1708,332,2026-05-28 15:43:33,PLACED,CENTRAL
1709,136,2026-02-10 00:00:00,PLACED,SOUTH
1710,168,2024-12-31 00:00:00,DELIVERED,EAST
1711,423,2025-06-17 17:20:00,DELIVERED,CENTRAL
1712,427,2025-09-07 03:35:00,DELIVERED,NORTH
1713,460,2024-09-04 02:12:13,RETURNED,EAST
1714,58,2026-05-16 00:00:00,DELIVERED,SOUTH
1715,44,2024-12-06 04:56:43,RETURNED,SOUTH
1716,331,2025-08-24 23:59:20,DELIVERED,NORTH
1717,297,2026-02-03 00:00:00,DELIVERED,WEST
1718,42,2024-11-06 21:10:42,SHIPPED,CENTRAL
1719,358,2024-05-05 06:00:31,DELIVERED,SOUTH
1720,156,2026-04-13 00:00:00,DELIVERED,CENTRAL
1721,570,2025-08-04 10:56:13,SHIPPED,SOUTH
1722,263,2025-06-03 14:31:56,CANCELLED,WEST
1723,293,2025-12-02 00:00:00,DELIVERED,CENTRAL
1724,210,2024-10-14 03:02:16,DELIVERED,NORTH
1725,211,2024-11-06 21:51:29,DELIVERED,EAST
1726,220,2026-07-10 14:16:03,DELIVERED,NORTH
1727,236,2026-05-30 13:34:21,CANCELLED,SOUTH
1728,318,2024-01-20 04:49:36,SHIPPED,EAST
1729,398,2025-05-23 12:49:13,DELIVERED,SOUTH
1730,492,2026-05-21 05:15:10,DELIVERED,SOUTH
1731,110,2024-01-01 10:05:37,DELIVERED,NORTH
1732,1,2025-04-16 09:18:26,DELIVERED,SOUTH
1733,377,2024-11-30 11:17:16,RETURNED,EAST
1734,428,2024-02-04 18:55:43,PLACED,NORTH
1735,270,2025-12-10 19:29:50,CANCELLED,SOUTH
1736,32,2026-01-10 05:23:13,PLACED,SOUTH
1737,594,2026-05-15 23:02:56,PLACED,CENTRAL
1738,157,2024-11-30 00:00:00,DELIVERED,NORTH
1739,,2025-11-02 20:18:12,DELIVERED,NORTH
1740,46,2024-04-07 21:11:31,CANCELLED,EAST
1741,208,2025-02-19 00:00:00,SHIPPED,SOUTH
1742,459,2024-01-04 00:38:54,PLACED,CENTRAL
1743,446,2026-05-18 06:57:26,DELIVERED,SOUTH
1744,49,2025-03-21 02:07:55,DELIVERED,WEST
1745,558,2024-09-11 14:26:16,RETURNED,CENTRAL
1746,329,2025-06-22 17:11:03,DELIVERED,EAST
1747,356,2025-03-30 07:18:32,DELIVERED,WEST
1748,418,2025-07-13 18:01:59,PLACED,EAST
1749,341,2025-07-11 04:08:16,DELIVERED,CENTRAL
1750,169,2024-03-07 10:02:57,RETURNED,SOUTH
1751,554,2024-09-04 15:54:19,DELIVERED,SOUTH
1752,406,2024-05-06 23:36:52,CANCELLED,CENTRAL
1753,533,2024-06-10 06:30:55,SHIPPED,CENTRAL
1754,169,2024-12-18 07:03:28,DELIVERED,WEST
1755,383,2026-05-01 23:43:27,DELIVERED,WEST
1756,360,2025-09-25 19:17:04,RETURNED,SOUTH
1757,465,2024-08-29 20:57:38,CANCELLED,SOUTH
1758,517,2024-06-16 11:06:27,RETURNED,EAST
1759,416,2025-04-15 11:20:59,DELIVERED,NORTH
1760,196,2024-02-06 00:00:00,SHIPPED,SOUTH
1761,74,2024-04-14 02:45:20,RETURNED,WEST
1762,413,2024-01-17 10:01:13,SHIPPED,WEST
1763,312,2025-10-27 16:31:41,RETURNED,CENTRAL
1764,504,2024-02-18 23:04:39,DELIVERED,EAST
1765,393,2026-04-17 08:01:17,DELIVERED,CENTRAL
1766,360,2026-01-31 16:01:27,DELIVERED,WEST
1767,89,2026-01-07 16:30:12,PLACED,SOUTH
1768,97,2025-12-07 07:55:48,SHIPPED,CENTRAL
1769,36,2025-05-16 13:33:34,DELIVERED,WEST
1770,421,2024-05-27 00:00:00,PLACED,NORTH
1771,456,2024-04-17 08:13:12,DELIVERED,CENTRAL
1772,549,2024-03-16 16:13:20,PLACED,CENTRAL
1773,463,2025-03-31 18:21:08,PLACED,CENTRAL
1774,113,2024-08-28 11:13:12,PLACED,WEST
1775,6,2025-08-24 15:43:39,CANCELLED,SOUTH
1776,45,2025-04-14 13:41:22,SHIPPED,CENTRAL
1777,235,2025-11-21 18:21:55,RETURNED,NORTH
1778,143,2024-07-24 01:16:46,RETURNED,CENTRAL
1779,,2026-02-09 17:39:03,DELIVERED,NORTH
1780,378,2026-04-24 06:34:32,DELIVERED,EAST
1781,433,2024-04-13 00:00:00,SHIPPED,EAST
1782,520,2025-01-12 20:20:40,CANCELLED,NORTH
1783,,2024-05-14 04:23:15,DELIVERED,WEST
1784,560,2025-08-02 22:15:41,DELIVERED,SOUTH
1785,119,2026-05-19 00:00:00,SHIPPED,EAST
1786,401,2024-01-18 09:19:42,DELIVERED,NORTH
1787,273,2026-06-28 15:44:17,SHIPPED,SOUTH
1788,250,2026-01-16 06:12:22,SHIPPED,WEST
1789,220,2024-06-02 20:44:25,DELIVERED,CENTRAL
1790,73,2024-08-14 23:27:53,CANCELLED,SOUTH
1791,70,2026-01-12 01:30:51,RETURNED,CENTRAL
1792,424,2025-07-15 21:59:33,CANCELLED,WEST
1793,443,2024-03-07 15:45:35,DELIVERED,NORTH
1794,383,2025-08-30 01:11:37,CANCELLED,SOUTH
1795,131,2026-01-14 16:03:08,DELIVERED,WEST
1796,162,2025-01-09 21:49:47,SHIPPED,NORTH
1797,32,2025-10-10 00:00:00,PLACED,SOUTH
1798,41,2025-07-28 00:44:46,SHIPPED,EAST
1799,549,2026-07-29 07:03:56,SHIPPED,WEST
1800,396,2026-07-04 20:25:51,RETURNED,CENTRAL
1801,588,2024-08-01 05:41:50,PLACED,WEST
1802,546,2026-03-14 03:04:00,PLACED,EAST
1803,296,2026-07-12 10:05:56,SHIPPED,EAST
1804,580,2024-10-24 02:56:05,SHIPPED,EAST
1805,422,2025-03-08 16:03:28,DELIVERED,SOUTH
1806,143,2025-04-03 06:58:03,DELIVERED,CENTRAL
1807,210,2025-12-19 18:20:58,SHIPPED,EAST
1808,211,2026-07-18 03:56:56,CANCELLED,SOUTH
1809,509,2025-08-05 12:57:43,DELIVERED,EAST
1810,471,2026-04-14 20:02:43,SHIPPED,NORTH
1811,386,2026-05-05 10:57:57,PLACED,SOUTH
1812,261,2026-02-08 01:00:38,RETURNED,CENTRAL
1813,524,2026-05-31 12:12:18,SHIPPED,WEST
1814,502,2026-07-13 17:20:25,DELIVERED,EAST
1815,186,2024-07-09 22:39:46,CANCELLED,NORTH
1816,,2024-04-19 04:13:39,DELIVERED,EAST
1817,99,2025-10-19 12:25:16,CANCELLED,CENTRAL
1818,115,2025-06-08 10:51:35,DELIVERED,EAST
1819,237,2024-12-08 10:30:34,DELIVERED,EAST
1820,363,2025-01-02 04:13:35,DELIVERED,EAST
1821,176,2025-08-18 09:24:56,DELIVERED,SOUTH
1822,277,2026-01-25 08:58:40,SHIPPED,WEST
1823,471,2024-09-14 07:36:07,RETURNED,EAST
1824,245,2025-04-24 05:29:55,CANCELLED,WEST
1825,238,2024-06-04 21:56:18,DELIVERED,WEST
1826,394,2025-08-13 00:00:00,DELIVERED,SOUTH
1827,504,2025-11-09 07:30:09,DELIVERED,EAST
1828,,2026-02-27 11:11:00,CANCELLED,CENTRAL
1829,148,2024-04-30 04:04:34,DELIVERED,WEST
1830,414,2024-11-17 18:24:00,DELIVERED,EAST
1831,298,2024-12-24 16:24:26,CANCELLED,NORTH
1832,577,2025-01-14 03:41:49,PLACED,NORTH
1833,354,2025-07-12 11:53:54,DELIVERED,WEST
1834,92,2025-11-10 10:03:00,SHIPPED,EAST
1835,267,2026-01-13 08:55:10,SHIPPED,CENTRAL
1836,544,2024-10-31 00:40:50,RETURNED,EAST
1837,,2024-12-21 00:00:00,RETURNED,NORTH
1838,567,2024-03-18 18:33:40,DELIVERED,EAST
1839,301,2024-08-08 00:29:58,SHIPPED,SOUTH
1840,320,2024-09-15 20:22:18,SHIPPED,NORTH
1841,587,2024-09-30 07:39:54,DELIVERED,WEST
1842,242,2024-01-27 16:35:03,SHIPPED,NORTH
1843,104,2025-02-21 22:41:31,SHIPPED,NORTH
1844,567,2025-07-27 02:43:45,SHIPPED,SOUTH
1845,9,2025-05-20 14:41:38,DELIVERED,CENTRAL
1846,513,2026-02-22 17:29:11,DELIVERED,SOUTH
1847,,2024-08-30 04:43:26,SHIPPED,CENTRAL
1848,588,2025-03-09 20:12:11,DELIVERED,NORTH
1849,166,2026-07-30 09:43:06,PLACED,WEST
1850,295,2025-12-16 18:51:05,DELIVERED,WEST
1851,414,2026-03-26 15:18:43,DELIVERED,CENTRAL
1852,592,2025-09-21 10:53:57,DELIVERED,WEST
1853,512,2024-07-15 02:33:44,SHIPPED,CENTRAL
1854,306,2024-06-28 11:30:05,DELIVERED,WEST
1855,25,2025-05-03 15:05:39,DELIVERED,SOUTH
1856,151,2025-11-29 22:59:42,DELIVERED,SOUTH
1857,310,2025-09-07 17:24:02,PLACED,SOUTH
1858,259,2026-01-26 04:19:06,DELIVERED,EAST
1859,475,2024-07-21 14:11:25,PLACED,SOUTH
1860,104,2025-04-03 21:59:04,DELIVERED,WEST
1861,444,2024-05-01 08:39:15,DELIVERED,CENTRAL
1862,42,2026-01-14 00:00:00,SHIPPED,EAST
1863,170,2024-01-18 04:12:15,PLACED,CENTRAL
1864,26,2026-03-02 11:47:12,DELIVERED,NORTH
1865,343,2025-12-16 00:53:28,SHIPPED,EAST
1866,530,2026-06-28 17:32:22,DELIVERED,WEST
1867,527,2024-02-26 03:59:25,DELIVERED,CENTRAL
1868,158,2025-08-10 02:03:53,DELIVERED,EAST
1869,202,2024-05-24 18:21:36,SHIPPED,SOUTH
1870,,2025-04-15 00:00:00,PLACED,WEST
1871,428,2024-08-23 13:47:22,DELIVERED,SOUTH
1872,,2024-04-12 21:10:07,PLACED,WEST
1873,225,2025-12-28 11:44:09,SHIPPED,WEST
1874,471,2025-06-16 10:09:59,RETURNED,WEST
1875,265,2026-06-15 09:44:21,CANCELLED,EAST
1876,335,2026-03-29 05:08:26,DELIVERED,CENTRAL
1877,286,2026-07-11 12:20:40,SHIPPED,NORTH
1878,279,2025-05-24 18:27:13,SHIPPED,WEST
1879,308,2025-02-04 05:36:01,PLACED,SOUTH
1880,225,2025-01-21 09:37:31,SHIPPED,NORTH
1881,518,2025-07-17 21:21:23,DELIVERED,CENTRAL
1882,84,2025-01-11 16:50:19,DELIVERED,NORTH
1883,59,2025-11-07 17:13:06,DELIVERED,WEST
1884,32,2025-06-02 12:26:18,PLACED,SOUTH
1885,504,2025-09-07 16:48:01,DELIVERED,SOUTH
1886,169,2025-06-06 03:08:13,SHIPPED,WEST
1887,104,2024-05-07 00:00:00,DELIVERED,SOUTH
1888,505,2024-05-23 09:45:15,DELIVERED,SOUTH
1889,3,2026-01-01 23:54:46,PLACED,EAST
1890,366,2026-06-07 00:00:00,SHIPPED,EAST
1891,40,2026-06-24 00:00:00,PLACED,NORTH
1892,197,2024-09-20 23:36:47,CANCELLED,WEST
1893,299,2026-03-28 00:00:00,DELIVERED,SOUTH
1894,267,2024-09-01 12:04:30,DELIVERED,NORTH
1895,230,2025-03-16 00:00:00,CANCELLED,SOUTH
1896,464,2025-07-11 07:14:27,SHIPPED,WEST
1897,241,2025-04-25 12:30:45,SHIPPED,WEST
1898,159,2024-02-27 00:00:00,DELIVERED,NORTH
1899,460,2024-07-14 21:42:43,PLACED,EAST
1900,594,2025-01-06 16:02:15,DELIVERED,NORTH
1901,566,2026-07-01 21:57:19,DELIVERED,WEST
1902,373,2024-08-31 03:53:49,SHIPPED,NORTH
1903,,2025-01-26 18:01:29,CANCELLED,WEST
1904,408,2025-05-17 15:55:16,CANCELLED,WEST
1905,581,2024-10-12 00:00:00,DELIVERED,EAST
1906,499,2025-06-03 17:09:42,CANCELLED,SOUTH
1907,508,2025-03-07 15:27:27,DELIVERED,WEST
1908,,2024-01-15 07:56:17,DELIVERED,CENTRAL
1909,3,2024-06-11 11:40:05,CANCELLED,CENTRAL
1910,152,2025-05-31 13:09:59,CANCELLED,CENTRAL
1911,401,2026-04-01 08:40:31,DELIVERED,CENTRAL
1912,41,2025-12-07 17:51:30,DELIVERED,EAST
1913,468,2024-03-10 03:35:22,PLACED,CENTRAL
1914,65,2026-01-07 03:17:49,DELIVERED,WEST
1915,586,2024-12-24 18:15:44,CANCELLED,SOUTH
1916,308,2024-03-01 03:13:51,DELIVERED,CENTRAL
1917,272,2024-01-07 15:45:25,PLACED,WEST
1918,3,2025-10-29 00:00:00,PLACED,EAST
1919,560,2025-10-09 00:00:00,CANCELLED,EAST
1920,53,2026-02-10 11:55:01,SHIPPED,CENTRAL
1921,119,2024-12-30 19:13:26,DELIVERED,EAST
1922,206,2024-01-23 01:50:15,PLACED,SOUTH
1923,22,2024-06-03 12:08:07,DELIVERED,EAST
1924,300,2025-02-03 09:06:09,RETURNED,SOUTH
1925,371,2024-05-31 14:57:08,SHIPPED,CENTRAL
1926,71,2024-04-28 09:54:09,CANCELLED,NORTH
1927,68,2025-02-23 12:14:05,PLACED,WEST
1928,513,2026-04-10 11:01:48,PLACED,CENTRAL
1929,86,2025-07-07 10:18:01,DELIVERED,WEST
1930,559,2025-01-23 18:57:44,RETURNED,CENTRAL
1931,89,2024-04-08 12:57:10,SHIPPED,CENTRAL
1932,548,2024-10-28 15:11:55,RETURNED,EAST
1933,,2025-08-27 17:20:36,DELIVERED,CENTRAL
1934,413,2024-11-25 21:21:14,DELIVERED,WEST
1935,69,2024-12-18 05:53:50,RETURNED,WEST
1936,469,2025-08-24 14:40:51,DELIVERED,NORTH
1937,,2024-10-19 00:00:00,DELIVERED,EAST
1938,426,2024-01-12 13:18:04,CANCELLED,NORTH
1939,99,2026-07-12 18:06:09,DELIVERED,CENTRAL
1940,507,2026-05-09 23:08:49,DELIVERED,EAST
1941,34,2025-05-07 13:06:40,DELIVERED,WEST
1942,110,2024-03-26 07:18:18,DELIVERED,SOUTH
1943,389,2024-08-25 17:37:26,CANCELLED,NORTH
1944,373,2024-04-26 16:21:56,DELIVERED,WEST
1945,,2025-03-18 23:21:25,DELIVERED,SOUTH
1946,103,2025-07-17 04:10:43,RETURNED,EAST
1947,127,2024-10-10 16:31:41,DELIVERED,NORTH
1948,284,2025-04-28 21:08:01,DELIVERED,CENTRAL
1949,82,2026-05-02 17:50:09,CANCELLED,CENTRAL
1950,566,2025-04-07 05:19:16,DELIVERED,NORTH
1951,431,2024-05-24 10:04:43,SHIPPED,NORTH
1952,97,2026-07-02 00:00:00,CANCELLED,NORTH
1953,370,2025-09-22 16:21:19,SHIPPED,CENTRAL
1954,254,2024-05-07 09:30:45,SHIPPED,CENTRAL
1955,107,2024-01-27 04:02:43,DELIVERED,SOUTH
1956,522,2025-01-05 15:09:02,PLACED,CENTRAL
1957,591,2024-10-18 08:22:08,SHIPPED,WEST
1958,398,2024-10-25 23:52:06,SHIPPED,SOUTH
1959,422,2026-06-17 09:46:06,SHIPPED,NORTH
1960,262,2026-07-29 05:34:34,RETURNED,WEST
1961,260,2024-07-18 03:18:29,CANCELLED,CENTRAL
1962,255,2024-07-24 18:02:26,SHIPPED,SOUTH
1963,74,2025-09-05 04:10:56,SHIPPED,NORTH
1964,216,2024-06-21 01:57:58,PLACED,NORTH
1965,458,2024-08-12 07:00:52,DELIVERED,NORTH
1966,333,2025-09-30 15:55:10,DELIVERED,EAST
1967,207,2024-08-14 16:07:24,DELIVERED,SOUTH
1968,281,2025-11-10 00:00:00,PLACED,WEST
1969,62,2025-12-13 15:21:02,SHIPPED,NORTH
1970,145,2025-03-16 07:38:21,DELIVERED,NORTH
1971,543,2024-04-11 10:22:30,SHIPPED,SOUTH
1972,283,2026-01-10 17:42:19,SHIPPED,WEST
1973,137,2024-01-27 15:14:26,DELIVERED,WEST
1974,565,2026-03-02 18:54:28,PLACED,EAST
1975,535,2025-01-30 20:02:57,SHIPPED,CENTRAL
1976,414,2024-02-01 00:00:00,RETURNED,NORTH
1977,290,2025-01-26 14:55:23,DELIVERED,CENTRAL
1978,589,2026-04-03 04:49:26,DELIVERED,CENTRAL
1979,,2024-01-31 09:37:26,DELIVERED,CENTRAL
1980,350,2024-01-03 06:27:07,SHIPPED,EAST
1981,436,2025-01-25 04:12:39,SHIPPED,SOUTH
1982,579,2026-05-26 04:15:52,DELIVERED,CENTRAL
1983,251,2025-05-19 00:00:00,SHIPPED,WEST
1984,546,2025-06-01 23:08:27,DELIVERED,CENTRAL
1985,,2024-04-28 11:29:14,CANCELLED,SOUTH
1986,45,2024-11-14 09:26:18,DELIVERED,NORTH
1987,562,2025-11-16 12:09:16,SHIPPED,SOUTH
1988,100,2024-02-26 21:08:18,RETURNED,WEST
1989,288,2026-07-03 09:34:35,CANCELLED,NORTH
1990,243,2024-07-03 00:00:00,SHIPPED,CENTRAL
1991,247,2024-03-09 14:47:51,SHIPPED,SOUTH
1992,7,2026-01-30 11:43:34,SHIPPED,WEST
1993,103,2024-05-17 19:21:19,SHIPPED,CENTRAL
1994,438,2025-06-26 02:07:38,DELIVERED,CENTRAL
1995,28,2024-05-31 11:28:48,DELIVERED,EAST
1996,161,2024-12-29 20:20:16,DELIVERED,SOUTH
1997,203,2024-07-25 00:44:11,PLACED,WEST
1998,138,2024-02-18 22:03:57,RETURNED,SOUTH
1999,307,2025-11-01 19:30:38,PLACED,SOUTH
2000,8,2024-09-23 05:19:43,DELIVERED,WEST
